id,proposal_id,create_date,client_rating,freelancer_rating,client_rating_description,freelancer_rating_description,status
1,1502,2020-05-23,5.0,3.4,Proin interdum mauris non ligula pellentesque ultrices.,Nullam varius.,complete
2,2195,2020-03-29,2.6,1.5,"Lorem ipsum dolor sit amet, consectetuer adipiscing elit.",Donec ut dolor.,complete
3,2350,2018-03-25,,,,,ongoing
4,235,2018-02-15,1.9,4.9,Nullam varius.,Proin at turpis a pede posuere nonummy.,cancelled
5,2448,2019-06-23,2.7,2.9,"Integer aliquet, massa id lobortis convallis, tortor risus dapibus augue, vel accumsan tellus nisi eu orci.",In hac habitasse platea dictumst.,complete
6,2483,2019-04-01,,,,,dispute
7,1722,2018-03-14,,,,,dispute
8,2251,2018-05-29,2.6,4.9,Duis bibendum.,Proin eu mi.,complete
9,1350,2020-03-15,,,,,ongoing
10,736,2018-12-17,4.9,3.4,Donec quis orci eget orci vehicula condimentum.,Etiam faucibus cursus urna.,complete
11,1575,2019-09-13,,,,,ongoing
12,1717,2020-02-13,,,,,ongoing
13,2580,2018-10-24,1.6,4.0,Nunc purus.,Donec quis orci eget orci vehicula condimentum.,cancelled
14,2499,2018-08-17,,,,,dispute
15,1911,2020-04-22,2.9,1.5,In hac habitasse platea dictumst.,Suspendisse potenti.,complete
16,1583,2020-01-25,,,,,dispute
17,102,2019-10-12,,,,,ongoing
18,2107,2020-06-23,2.8,1.7,"Cum sociis natoque penatibus et magnis dis parturient montes, nascetur ridiculus mus.","Maecenas leo odio, condimentum id, luctus nec, molestie sed, justo.",complete
19,965,2019-12-31,,,,,ongoing
20,929,2020-06-22,3.2,4.5,Phasellus id sapien in sapien iaculis congue.,Cras in purus eu magna vulputate luctus.,complete
21,342,2018-05-31,2.1,3.5,Aliquam non mauris.,Mauris lacinia sapien quis libero.,cancelled
22,373,2020-06-26,,,,,dispute
23,533,2020-07-21,4.9,3.8,Nulla tellus.,Donec ut dolor.,cancelled
24,862,2019-09-30,,,,,dispute
25,1643,2019-08-04,1.7,4.9,Aliquam non mauris.,Maecenas tincidunt lacus at velit.,complete
26,2292,2018-04-25,3.4,4.1,In hac habitasse platea dictumst.,Mauris ullamcorper purus sit amet nulla.,cancelled
27,1039,2020-06-03,,,,,ongoing
28,1617,2018-02-27,1.0,3.5,"Integer aliquet, massa id lobortis convallis, tortor risus dapibus augue, vel accumsan tellus nisi eu orci.",Aliquam erat volutpat.,cancelled
29,1732,2020-06-04,4.4,2.2,Vestibulum sed magna at nunc commodo placerat.,Integer a nibh.,complete
30,892,2019-10-13,4.0,2.5,Quisque porta volutpat erat.,Duis consequat dui nec nisi volutpat eleifend.,cancelled
31,1784,2020-01-14,1.1,3.3,In quis justo.,Curabitur at ipsum ac tellus semper interdum.,complete
32,131,2018-12-15,,,,,dispute
33,241,2020-04-26,1.3,4.8,Nulla suscipit ligula in lacus.,Nunc purus.,complete
34,1711,2019-09-15,,,,,ongoing
35,1098,2018-12-08,4.6,4.8,Praesent lectus.,Donec posuere metus vitae ipsum.,complete
36,867,2020-02-19,,,,,dispute
37,76,2018-12-16,3.5,2.9,Donec ut mauris eget massa tempor convallis.,Donec vitae nisi.,complete
38,377,2018-04-14,3.1,2.0,Vivamus vestibulum sagittis sapien.,Aliquam erat volutpat.,complete
39,1155,2019-09-17,1.2,4.3,Nulla tellus.,In eleifend quam a odio.,cancelled
40,653,2018-01-18,2.0,1.5,"In tempor, turpis nec euismod scelerisque, quam turpis adipiscing lorem, vitae mattis nibh ligula nec sem.",Sed vel enim sit amet nunc viverra dapibus.,complete
41,2532,2020-01-24,4.5,3.9,Duis mattis egestas metus.,Sed sagittis.,cancelled
42,1978,2020-02-25,2.4,2.4,Morbi a ipsum.,"Maecenas leo odio, condimentum id, luctus nec, molestie sed, justo.",cancelled
43,1048,2019-12-22,,,,,dispute
44,2243,2020-02-16,2.5,3.9,Aenean lectus.,Sed sagittis.,cancelled
45,1959,2020-06-24,,,,,dispute
46,732,2019-06-18,3.8,5.0,Morbi non quam nec dui luctus rutrum.,"Fusce lacus purus, aliquet at, feugiat non, pretium quis, lectus.",complete
47,1548,2020-03-27,3.5,1.2,Morbi vel lectus in quam fringilla rhoncus.,Quisque ut erat.,cancelled
48,345,2019-08-28,3.3,2.5,"Maecenas leo odio, condimentum id, luctus nec, molestie sed, justo.",Suspendisse potenti.,cancelled
49,1971,2020-05-07,,,,,dispute
50,1562,2018-09-16,,,,,ongoing
51,2592,2019-11-20,,,,,ongoing
52,1879,2018-11-23,3.6,2.5,Nulla tempus.,Mauris sit amet eros.,complete
53,1340,2020-08-16,3.8,1.8,Vivamus tortor.,"Cras mi pede, malesuada in, imperdiet et, commodo vulputate, justo.",cancelled
54,572,2018-07-18,,,,,ongoing
55,416,2019-05-19,,,,,ongoing
56,1564,2018-09-03,2.3,2.5,Mauris sit amet eros.,"Aliquam augue quam, sollicitudin vitae, consectetuer eget, rutrum at, lorem.",complete
57,896,2019-06-18,,,,,ongoing
58,1917,2019-08-09,,,,,dispute
59,1869,2020-08-08,,,,,dispute
60,2142,2019-12-24,,,,,ongoing
61,2202,2019-11-26,,,,,ongoing
62,1822,2018-05-20,4.1,1.7,Proin risus.,Morbi a ipsum.,complete
63,335,2019-05-21,,,,,ongoing
64,1628,2018-03-09,,,,,dispute
65,2470,2018-12-17,,,,,dispute
66,975,2019-07-23,4.8,1.4,Morbi porttitor lorem id ligula.,Integer a nibh.,cancelled
67,1386,2019-12-26,,,,,ongoing
68,921,2019-05-01,,,,,ongoing
69,1364,2018-05-26,1.2,2.1,"Fusce lacus purus, aliquet at, feugiat non, pretium quis, lectus.","Morbi odio odio, elementum eu, interdum eu, tincidunt in, leo.",cancelled
70,848,2019-01-28,,,,,ongoing
71,1218,2019-04-27,3.9,3.3,Maecenas rhoncus aliquam lacus.,Vestibulum sed magna at nunc commodo placerat.,complete
72,279,2019-12-15,2.3,3.8,Duis mattis egestas metus.,Aenean lectus.,cancelled
73,332,2020-06-14,3.1,2.1,Cras non velit nec nisi vulputate nonummy.,Pellentesque ultrices mattis odio.,cancelled
74,1780,2020-01-02,4.0,4.9,Praesent id massa id nisl venenatis lacinia.,Fusce posuere felis sed lacus.,complete
75,981,2019-03-09,,,,,ongoing
76,131,2019-07-17,,,,,ongoing
77,821,2020-04-04,2.0,3.0,"In tempor, turpis nec euismod scelerisque, quam turpis adipiscing lorem, vitae mattis nibh ligula nec sem.","Morbi vestibulum, velit id pretium iaculis, diam erat fermentum justo, nec condimentum neque sapien placerat ante.",complete
78,16,2020-02-19,3.0,2.1,In hac habitasse platea dictumst.,Donec quis orci eget orci vehicula condimentum.,cancelled
79,1016,2019-12-14,4.9,2.6,Nullam varius.,Quisque porta volutpat erat.,cancelled
80,1403,2019-02-07,,,,,dispute
81,809,2018-08-27,,,,,ongoing
82,1241,2020-03-26,4.8,1.4,"In est risus, auctor sed, tristique in, tempus sit amet, sem.","Morbi sem mauris, laoreet ut, rhoncus aliquet, pulvinar sed, nisl.",cancelled
83,2083,2018-09-20,1.5,1.9,Integer non velit.,"Integer pede justo, lacinia eget, tincidunt eget, tempus vel, pede.",complete
84,1290,2020-07-31,,,,,ongoing
85,1470,2019-07-12,3.1,3.1,Proin risus.,Nulla tempus.,cancelled
86,2329,2020-08-19,,,,,dispute
87,1886,2019-06-28,3.0,1.4,Aliquam sit amet diam in magna bibendum imperdiet.,Morbi quis tortor id nulla ultrices aliquet.,cancelled
88,983,2018-04-19,,,,,ongoing
89,165,2018-03-21,4.3,2.2,Pellentesque ultrices mattis odio.,"Morbi sem mauris, laoreet ut, rhoncus aliquet, pulvinar sed, nisl.",complete
90,556,2019-01-24,1.4,1.7,Aliquam sit amet diam in magna bibendum imperdiet.,Duis at velit eu est congue elementum.,cancelled
91,497,2019-12-30,4.5,1.4,"Nam ultrices, libero non mattis pulvinar, nulla pede ullamcorper augue, a suscipit nulla elit ac nulla.",Donec ut dolor.,cancelled
92,2125,2020-04-22,,,,,ongoing
93,309,2018-08-25,3.6,1.7,Etiam pretium iaculis justo.,"Morbi odio odio, elementum eu, interdum eu, tincidunt in, leo.",complete
94,761,2018-12-25,4.7,1.0,Ut at dolor quis odio consequat varius.,In hac habitasse platea dictumst.,cancelled
95,383,2018-06-09,1.5,2.2,Nunc purus.,Nulla mollis molestie lorem.,complete
96,2243,2019-03-24,,,,,dispute
97,2527,2019-08-15,3.7,4.0,Curabitur gravida nisi at nibh.,Proin interdum mauris non ligula pellentesque ultrices.,cancelled
98,1846,2019-01-07,1.7,4.1,Fusce consequat.,"Nullam orci pede, venenatis non, sodales sed, tincidunt eu, felis.",cancelled
99,389,2020-05-01,1.4,4.4,Sed sagittis.,In blandit ultrices enim.,cancelled
100,1211,2020-09-04,,,,,ongoing
101,546,2019-02-03,,,,,dispute
102,2077,2020-08-13,1.1,3.8,Proin at turpis a pede posuere nonummy.,"Maecenas leo odio, condimentum id, luctus nec, molestie sed, justo.",cancelled
103,1678,2019-11-07,,,,,dispute
104,407,2019-03-20,3.9,4.0,Ut tellus.,Curabitur convallis.,cancelled
105,957,2018-12-10,2.9,1.1,Praesent blandit.,Nullam sit amet turpis elementum ligula vehicula consequat.,cancelled
106,1956,2019-01-21,,,,,dispute
107,1906,2020-02-15,,,,,ongoing
108,1263,2018-05-19,,,,,dispute
109,182,2018-06-26,3.6,2.3,Ut tellus.,"Vestibulum quam sapien, varius ut, blandit non, interdum in, ante.",complete
110,1596,2018-05-07,,,,,ongoing
111,548,2019-01-06,1.1,4.5,"Morbi vestibulum, velit id pretium iaculis, diam erat fermentum justo, nec condimentum neque sapien placerat ante.",Suspendisse potenti.,cancelled
112,1332,2018-05-22,3.0,3.5,Nulla justo.,Proin risus.,complete
113,569,2020-05-21,1.8,2.2,Nulla facilisi.,Morbi vel lectus in quam fringilla rhoncus.,cancelled
114,700,2018-05-30,1.7,2.8,Aenean sit amet justo.,"Aliquam augue quam, sollicitudin vitae, consectetuer eget, rutrum at, lorem.",complete
115,1574,2018-12-30,,,,,dispute
116,1935,2019-07-22,,,,,dispute
117,1259,2019-09-14,2.0,1.1,Quisque ut erat.,"Donec diam neque, vestibulum eget, vulputate ut, ultrices vel, augue.",cancelled
118,708,2019-02-23,,,,,ongoing
119,2097,2019-12-22,,,,,ongoing
120,941,2020-06-30,4.9,4.1,Morbi non quam nec dui luctus rutrum.,In blandit ultrices enim.,complete
121,29,2019-05-15,,,,,dispute
122,601,2019-12-08,,,,,ongoing
123,2478,2020-07-28,3.3,2.8,Etiam pretium iaculis justo.,Integer non velit.,complete
124,776,2019-05-12,,,,,ongoing
125,1994,2019-06-28,1.1,4.4,Vestibulum rutrum rutrum neque.,Nulla ac enim.,cancelled
126,1789,2019-01-04,,,,,ongoing
127,1751,2018-05-12,,,,,dispute
128,1211,2020-08-18,4.5,3.5,"Proin leo odio, porttitor id, consequat in, consequat ut, nulla.",Phasellus sit amet erat.,cancelled
129,486,2020-07-22,,,,,dispute
130,1978,2020-07-30,,,,,ongoing
131,2594,2018-06-29,4.5,1.6,Nulla nisl.,Fusce consequat.,cancelled
132,1067,2020-07-07,,,,,ongoing
133,1687,2019-05-15,,,,,dispute
134,326,2018-03-29,2.1,3.9,Fusce consequat.,Etiam faucibus cursus urna.,complete
135,1895,2020-06-27,3.9,2.3,Integer non velit.,Cras non velit nec nisi vulputate nonummy.,cancelled
136,1073,2018-02-18,,,,,ongoing
137,159,2019-02-14,1.2,3.4,"Morbi odio odio, elementum eu, interdum eu, tincidunt in, leo.",Proin interdum mauris non ligula pellentesque ultrices.,cancelled
138,350,2019-04-02,1.1,4.0,Mauris ullamcorper purus sit amet nulla.,"Quisque arcu libero, rutrum ac, lobortis vel, dapibus at, diam.",cancelled
139,1175,2020-06-14,,,,,ongoing
140,166,2018-02-19,4.6,2.0,In sagittis dui vel nisl.,"Donec odio justo, sollicitudin ut, suscipit a, feugiat et, eros.",complete
141,1093,2020-02-06,,,,,dispute
142,1547,2020-06-14,1.5,2.5,Morbi non quam nec dui luctus rutrum.,Duis consequat dui nec nisi volutpat eleifend.,complete
143,278,2018-08-23,3.1,4.2,Aenean auctor gravida sem.,Nulla suscipit ligula in lacus.,cancelled
144,2440,2018-04-28,1.5,1.0,Donec quis orci eget orci vehicula condimentum.,Vestibulum ac est lacinia nisi venenatis tristique.,complete
145,2139,2018-06-08,4.7,2.6,Phasellus sit amet erat.,Mauris sit amet eros.,cancelled
146,1032,2019-08-17,,,,,dispute
147,102,2019-03-27,,,,,dispute
148,1530,2020-08-12,4.6,2.2,Mauris ullamcorper purus sit amet nulla.,Duis consequat dui nec nisi volutpat eleifend.,cancelled
149,957,2019-09-03,2.1,2.6,"Cum sociis natoque penatibus et magnis dis parturient montes, nascetur ridiculus mus.",Ut at dolor quis odio consequat varius.,complete
150,1804,2020-07-03,1.5,1.3,"Cum sociis natoque penatibus et magnis dis parturient montes, nascetur ridiculus mus.",Vestibulum rutrum rutrum neque.,cancelled
151,1865,2019-05-15,4.2,2.1,"Vestibulum quam sapien, varius ut, blandit non, interdum in, ante.",Quisque id justo sit amet sapien dignissim vestibulum.,complete
152,1898,2018-01-02,4.1,2.9,Phasellus id sapien in sapien iaculis congue.,"Proin leo odio, porttitor id, consequat in, consequat ut, nulla.",cancelled
153,2345,2018-10-09,,,,,ongoing
154,2199,2019-02-08,3.8,1.9,Nullam porttitor lacus at turpis.,Suspendisse accumsan tortor quis turpis.,cancelled
155,1962,2019-09-29,1.7,1.7,"Aliquam augue quam, sollicitudin vitae, consectetuer eget, rutrum at, lorem.","Maecenas tristique, est et tempus semper, est quam pharetra magna, ac consequat metus sapien ut nunc.",complete
156,1767,2020-08-11,,,,,dispute
157,1665,2019-08-17,,,,,dispute
158,2093,2018-06-15,3.7,4.4,Fusce consequat.,Curabitur gravida nisi at nibh.,cancelled
159,2223,2020-08-03,,,,,ongoing
160,881,2018-11-15,,,,,ongoing
161,46,2018-01-23,,,,,ongoing
162,1566,2018-05-02,4.6,2.3,Donec ut dolor.,Integer ac neque.,cancelled
163,1450,2020-08-02,1.4,2.2,Vivamus tortor.,"In tempor, turpis nec euismod scelerisque, quam turpis adipiscing lorem, vitae mattis nibh ligula nec sem.",cancelled
164,2175,2018-09-12,3.5,1.0,Praesent id massa id nisl venenatis lacinia.,Ut at dolor quis odio consequat varius.,complete
165,1988,2018-08-07,2.0,1.8,In hac habitasse platea dictumst.,"Donec odio justo, sollicitudin ut, suscipit a, feugiat et, eros.",complete
166,684,2019-03-06,2.4,1.1,"Nam congue, risus semper porta volutpat, quam pede lobortis ligula, sit amet eleifend pede libero quis orci.",Nullam molestie nibh in lectus.,cancelled
167,237,2020-04-11,1.8,4.9,In hac habitasse platea dictumst.,Duis ac nibh.,cancelled
168,2556,2018-10-23,,,,,dispute
169,242,2020-05-16,,,,,ongoing
170,1246,2019-05-22,,,,,dispute
171,1078,2019-09-18,,,,,ongoing
172,296,2019-05-08,,,,,ongoing
173,777,2019-01-09,,,,,dispute
174,472,2019-06-14,,,,,ongoing
175,293,2019-04-01,,,,,dispute
176,2204,2019-01-30,,,,,dispute
177,1315,2018-11-04,4.1,2.6,Duis aliquam convallis nunc.,Praesent id massa id nisl venenatis lacinia.,complete
178,770,2018-04-19,1.9,3.0,Duis aliquam convallis nunc.,Curabitur gravida nisi at nibh.,complete
179,1632,2020-08-12,2.2,1.7,Quisque porta volutpat erat.,Mauris ullamcorper purus sit amet nulla.,complete
180,1778,2020-08-13,4.8,4.7,"Morbi sem mauris, laoreet ut, rhoncus aliquet, pulvinar sed, nisl.",Maecenas pulvinar lobortis est.,complete
181,2266,2018-10-28,,,,,ongoing
182,183,2020-04-01,3.8,3.8,Morbi a ipsum.,"Nullam orci pede, venenatis non, sodales sed, tincidunt eu, felis.",cancelled
183,1920,2018-02-10,,,,,ongoing
184,1274,2018-03-03,2.4,2.8,Vivamus vel nulla eget eros elementum pellentesque.,Vestibulum rutrum rutrum neque.,cancelled
185,2372,2018-10-10,2.9,4.8,Morbi quis tortor id nulla ultrices aliquet.,Cras pellentesque volutpat dui.,cancelled
186,449,2018-04-28,,,,,ongoing
187,1076,2020-03-27,2.6,1.5,"Maecenas leo odio, condimentum id, luctus nec, molestie sed, justo.",Donec posuere metus vitae ipsum.,complete
188,1668,2018-05-20,3.5,2.0,In hac habitasse platea dictumst.,Suspendisse accumsan tortor quis turpis.,cancelled
189,1760,2018-07-14,2.1,1.0,"Lorem ipsum dolor sit amet, consectetuer adipiscing elit.",Pellentesque ultrices mattis odio.,complete
190,1912,2019-12-26,,,,,ongoing
191,2069,2019-09-16,2.7,3.6,Phasellus id sapien in sapien iaculis congue.,Duis ac nibh.,cancelled
192,1023,2020-07-18,3.9,4.9,In hac habitasse platea dictumst.,Morbi a ipsum.,cancelled
193,1778,2018-09-27,1.3,3.7,Integer ac neque.,"Maecenas leo odio, condimentum id, luctus nec, molestie sed, justo.",cancelled
194,2582,2019-04-27,1.7,3.7,Mauris ullamcorper purus sit amet nulla.,"In tempor, turpis nec euismod scelerisque, quam turpis adipiscing lorem, vitae mattis nibh ligula nec sem.",cancelled
195,1358,2020-01-06,,,,,ongoing
196,219,2018-02-14,2.0,1.9,Curabitur in libero ut massa volutpat convallis.,Sed sagittis.,cancelled
197,884,2020-08-02,4.1,2.9,"Vestibulum ante ipsum primis in faucibus orci luctus et ultrices posuere cubilia Curae; Donec pharetra, magna vestibulum aliquet ultrices, erat tortor sollicitudin mi, sit amet lobortis sapien sapien non mi.",Ut tellus.,cancelled
198,1657,2019-05-09,1.8,3.3,Nulla tempus.,Mauris lacinia sapien quis libero.,cancelled
199,700,2019-04-14,3.0,4.0,Pellentesque ultrices mattis odio.,Nulla facilisi.,complete
200,2517,2018-01-18,,,,,dispute
201,1159,2019-05-15,4.0,4.4,In hac habitasse platea dictumst.,"Lorem ipsum dolor sit amet, consectetuer adipiscing elit.",cancelled
202,1195,2019-04-27,,,,,ongoing
203,1050,2020-04-28,4.5,3.1,Vivamus vestibulum sagittis sapien.,Etiam pretium iaculis justo.,cancelled
204,2278,2020-02-08,,,,,ongoing
205,1554,2019-01-21,3.9,1.2,Donec posuere metus vitae ipsum.,Proin interdum mauris non ligula pellentesque ultrices.,cancelled
206,1616,2020-04-01,1.3,2.5,Nam nulla.,Sed sagittis.,complete
207,963,2018-06-17,5.0,3.1,Pellentesque ultrices mattis odio.,Integer ac neque.,complete
208,462,2020-02-23,3.6,2.8,Fusce consequat.,Phasellus sit amet erat.,cancelled
209,917,2018-05-26,,,,,dispute
210,2077,2020-03-01,,,,,dispute
211,2210,2020-06-07,,,,,ongoing
212,540,2020-05-15,1.5,3.1,Quisque porta volutpat erat.,"Fusce congue, diam id ornare imperdiet, sapien urna pretium nisl, ut volutpat sapien arcu sed augue.",complete
213,645,2019-10-13,4.8,3.2,Morbi porttitor lorem id ligula.,Quisque porta volutpat erat.,complete
214,1874,2018-12-18,,,,,dispute
215,1150,2020-04-23,2.5,1.1,Aliquam non mauris.,Vestibulum ac est lacinia nisi venenatis tristique.,complete
216,1301,2018-12-25,2.9,2.5,Mauris sit amet eros.,"Donec odio justo, sollicitudin ut, suscipit a, feugiat et, eros.",complete
217,2143,2020-02-23,,,,,ongoing
218,1125,2018-03-04,4.1,3.6,"Donec odio justo, sollicitudin ut, suscipit a, feugiat et, eros.",Praesent blandit lacinia erat.,cancelled
219,269,2019-10-18,,,,,dispute
220,835,2018-08-30,3.2,1.3,Praesent blandit.,Nam nulla.,cancelled
221,1744,2019-05-29,4.9,3.7,Nulla ac enim.,Pellentesque ultrices mattis odio.,complete
222,1105,2018-02-14,,,,,dispute
223,608,2020-06-23,,,,,ongoing
224,213,2018-01-24,4.3,4.0,Donec posuere metus vitae ipsum.,Etiam vel augue.,complete
225,2258,2020-03-01,,,,,dispute
226,1404,2018-06-29,4.8,3.1,Aliquam non mauris.,"Cras mi pede, malesuada in, imperdiet et, commodo vulputate, justo.",cancelled
227,1344,2019-01-25,,,,,ongoing
228,1385,2018-06-28,,,,,ongoing
229,1895,2020-09-14,,,,,dispute
230,376,2019-10-31,,,,,ongoing
231,2350,2020-08-15,,,,,ongoing
232,1719,2020-08-13,4.6,3.8,Duis consequat dui nec nisi volutpat eleifend.,In congue.,cancelled
233,125,2018-07-04,,,,,dispute
234,902,2018-03-03,,,,,dispute
235,1098,2018-12-09,4.8,4.8,Quisque porta volutpat erat.,Phasellus id sapien in sapien iaculis congue.,complete
236,493,2018-03-01,4.2,5.0,Etiam faucibus cursus urna.,Nam nulla.,complete
237,180,2020-04-29,,,,,ongoing
238,670,2018-04-05,3.6,1.2,Curabitur gravida nisi at nibh.,Nulla ac enim.,cancelled
239,1419,2020-06-24,,,,,dispute
240,1519,2020-04-21,1.2,2.8,Praesent lectus.,Integer ac leo.,complete
241,24,2019-02-17,4.3,5.0,Donec vitae nisi.,Aliquam erat volutpat.,complete
242,1163,2018-05-05,2.5,4.9,Morbi quis tortor id nulla ultrices aliquet.,"Cras mi pede, malesuada in, imperdiet et, commodo vulputate, justo.",cancelled
243,1421,2020-05-16,1.9,4.1,Sed ante.,Aliquam sit amet diam in magna bibendum imperdiet.,cancelled
244,53,2020-01-26,,,,,dispute
245,1710,2020-08-27,,,,,dispute
246,76,2018-01-29,4.1,1.1,"Morbi vestibulum, velit id pretium iaculis, diam erat fermentum justo, nec condimentum neque sapien placerat ante.",Vestibulum ante ipsum primis in faucibus orci luctus et ultrices posuere cubilia Curae; Mauris viverra diam vitae quam.,cancelled
247,667,2019-12-27,,,,,ongoing
248,2143,2018-04-27,,,,,dispute
249,33,2019-12-11,,,,,ongoing
250,1899,2020-03-12,2.2,1.3,Donec ut mauris eget massa tempor convallis.,Duis mattis egestas metus.,complete
251,500,2020-05-08,,,,,dispute
252,2090,2019-04-02,3.6,1.1,"Cum sociis natoque penatibus et magnis dis parturient montes, nascetur ridiculus mus.","Morbi sem mauris, laoreet ut, rhoncus aliquet, pulvinar sed, nisl.",complete
253,1133,2018-03-05,1.0,3.2,Curabitur convallis.,Integer ac neque.,cancelled
254,15,2020-03-03,,,,,dispute
255,985,2019-11-16,4.8,1.1,Vestibulum ac est lacinia nisi venenatis tristique.,"Morbi sem mauris, laoreet ut, rhoncus aliquet, pulvinar sed, nisl.",complete
256,322,2018-01-08,,,,,dispute
257,2044,2018-12-16,2.8,1.2,Donec ut dolor.,Nulla nisl.,complete
258,842,2018-04-15,,,,,ongoing
259,2051,2020-01-23,2.7,1.4,Curabitur at ipsum ac tellus semper interdum.,"Cras mi pede, malesuada in, imperdiet et, commodo vulputate, justo.",cancelled
260,1542,2020-08-12,,,,,dispute
261,2589,2018-09-21,3.1,4.8,Praesent blandit.,Etiam justo.,complete
262,1779,2019-08-29,,,,,ongoing
263,1616,2018-06-21,,,,,ongoing
264,1912,2019-07-10,1.2,4.0,Maecenas tincidunt lacus at velit.,Duis at velit eu est congue elementum.,cancelled
265,1164,2019-02-13,2.8,3.3,"Quisque erat eros, viverra eget, congue eget, semper rutrum, nulla.",Duis ac nibh.,cancelled
266,1208,2018-08-26,4.8,4.7,Morbi non quam nec dui luctus rutrum.,Curabitur convallis.,complete
267,1725,2019-05-14,3.7,3.1,In congue.,Donec posuere metus vitae ipsum.,cancelled
268,924,2020-06-12,,,,,ongoing
269,2379,2018-05-07,1.4,1.4,"Nam ultrices, libero non mattis pulvinar, nulla pede ullamcorper augue, a suscipit nulla elit ac nulla.",In hac habitasse platea dictumst.,cancelled
270,2423,2020-08-28,,,,,ongoing
271,1933,2018-11-12,,,,,dispute
272,2174,2018-09-06,3.1,3.2,Morbi non lectus.,Donec dapibus.,complete
273,2045,2020-04-01,2.6,2.4,Nulla justo.,"Cum sociis natoque penatibus et magnis dis parturient montes, nascetur ridiculus mus.",cancelled
274,1245,2019-02-03,2.3,4.4,Nam tristique tortor eu pede.,Curabitur convallis.,cancelled
275,1437,2018-04-30,3.8,1.5,Suspendisse potenti.,"Cras mi pede, malesuada in, imperdiet et, commodo vulputate, justo.",cancelled
276,1398,2018-10-29,,,,,dispute
277,1167,2019-11-19,,,,,ongoing
278,1701,2018-03-29,4.2,3.7,Nunc rhoncus dui vel sem.,Donec posuere metus vitae ipsum.,complete
279,2513,2019-04-16,2.9,2.9,Vestibulum ante ipsum primis in faucibus orci luctus et ultrices posuere cubilia Curae; Mauris viverra diam vitae quam.,Nunc rhoncus dui vel sem.,complete
280,220,2019-09-04,4.3,1.4,Aenean fermentum.,Nam dui.,complete
281,809,2019-08-05,1.4,4.7,"Aliquam augue quam, sollicitudin vitae, consectetuer eget, rutrum at, lorem.","Maecenas leo odio, condimentum id, luctus nec, molestie sed, justo.",complete
282,557,2020-04-02,3.5,1.3,Duis mattis egestas metus.,Vestibulum rutrum rutrum neque.,cancelled
283,1906,2018-07-17,3.2,3.6,Donec posuere metus vitae ipsum.,Duis mattis egestas metus.,cancelled
284,1266,2019-08-25,,,,,ongoing
285,1003,2018-03-25,4.6,3.9,In hac habitasse platea dictumst.,"Duis bibendum, felis sed interdum venenatis, turpis enim blandit mi, in porttitor pede justo eu massa.",cancelled
286,1063,2018-05-29,1.5,4.5,Vestibulum rutrum rutrum neque.,"Integer aliquet, massa id lobortis convallis, tortor risus dapibus augue, vel accumsan tellus nisi eu orci.",complete
287,2282,2018-04-25,3.2,2.2,Etiam faucibus cursus urna.,Etiam justo.,cancelled
288,805,2018-12-24,,,,,ongoing
289,532,2020-01-05,3.0,4.7,"Cras mi pede, malesuada in, imperdiet et, commodo vulputate, justo.","Fusce congue, diam id ornare imperdiet, sapien urna pretium nisl, ut volutpat sapien arcu sed augue.",complete
290,235,2019-06-24,5.0,2.1,Donec ut mauris eget massa tempor convallis.,Nulla ac enim.,cancelled
291,878,2018-06-27,4.5,4.2,Nam tristique tortor eu pede.,"Integer aliquet, massa id lobortis convallis, tortor risus dapibus augue, vel accumsan tellus nisi eu orci.",complete
292,1534,2020-02-15,2.3,3.1,Nulla facilisi.,"Integer aliquet, massa id lobortis convallis, tortor risus dapibus augue, vel accumsan tellus nisi eu orci.",complete
293,1765,2019-10-27,,,,,ongoing
294,1226,2020-08-28,4.9,4.7,Nam nulla.,Nulla ac enim.,complete
295,2421,2018-07-06,,,,,dispute
296,2250,2019-02-17,1.6,1.6,"Nam congue, risus semper porta volutpat, quam pede lobortis ligula, sit amet eleifend pede libero quis orci.",Donec ut dolor.,cancelled
297,1478,2019-09-18,1.8,4.8,Nunc rhoncus dui vel sem.,"Maecenas tristique, est et tempus semper, est quam pharetra magna, ac consequat metus sapien ut nunc.",cancelled
298,1081,2019-07-21,4.3,1.1,"Quisque erat eros, viverra eget, congue eget, semper rutrum, nulla.",Etiam pretium iaculis justo.,cancelled
299,313,2018-11-19,,,,,dispute
300,1712,2019-04-04,,,,,ongoing
301,948,2020-03-19,3.5,1.9,Duis mattis egestas metus.,Integer ac neque.,cancelled
302,1529,2019-05-24,1.2,1.5,Suspendisse potenti.,Praesent lectus.,complete
303,1935,2019-02-07,,,,,ongoing
304,1610,2019-01-06,4.4,4.9,Donec semper sapien a libero.,Maecenas rhoncus aliquam lacus.,cancelled
305,1738,2019-10-01,3.3,2.5,Morbi quis tortor id nulla ultrices aliquet.,Duis consequat dui nec nisi volutpat eleifend.,complete
306,1519,2018-03-16,,,,,ongoing
307,540,2018-03-25,,,,,ongoing
308,2169,2019-08-04,,,,,ongoing
309,1681,2018-12-23,,,,,ongoing
310,1651,2020-07-21,,,,,ongoing
311,457,2020-07-23,,,,,dispute
312,1129,2018-04-25,,,,,dispute
313,1883,2018-05-10,,,,,ongoing
314,856,2018-12-22,,,,,ongoing
315,488,2018-01-15,,,,,ongoing
316,1275,2019-06-30,2.2,2.0,Proin at turpis a pede posuere nonummy.,Vestibulum ante ipsum primis in faucibus orci luctus et ultrices posuere cubilia Curae; Duis faucibus accumsan odio.,complete
317,2077,2019-11-30,3.3,1.9,"Lorem ipsum dolor sit amet, consectetuer adipiscing elit.",Pellentesque at nulla.,complete
318,1314,2018-11-05,,,,,dispute
319,1699,2019-12-13,,,,,dispute
320,1361,2018-05-09,,,,,ongoing
321,208,2018-05-11,,,,,dispute
322,1303,2018-01-09,1.6,2.9,Suspendisse potenti.,Morbi ut odio.,complete
323,1964,2020-05-26,1.7,2.6,Integer tincidunt ante vel ipsum.,"Nam ultrices, libero non mattis pulvinar, nulla pede ullamcorper augue, a suscipit nulla elit ac nulla.",cancelled
324,1554,2018-04-04,,,,,dispute
325,465,2018-05-12,,,,,ongoing
326,920,2020-06-08,4.1,3.3,Cras pellentesque volutpat dui.,Cras non velit nec nisi vulputate nonummy.,complete
327,2062,2018-10-17,2.2,2.0,Suspendisse potenti.,"Quisque arcu libero, rutrum ac, lobortis vel, dapibus at, diam.",complete
328,660,2020-03-26,2.0,2.7,Fusce posuere felis sed lacus.,Aliquam erat volutpat.,complete
329,170,2019-07-21,,,,,dispute
330,2225,2020-03-26,,,,,dispute
331,2328,2018-08-06,4.4,1.1,Praesent lectus.,"Maecenas leo odio, condimentum id, luctus nec, molestie sed, justo.",complete
332,676,2018-02-22,,,,,ongoing
333,2582,2018-08-10,2.3,3.1,"Nam congue, risus semper porta volutpat, quam pede lobortis ligula, sit amet eleifend pede libero quis orci.",In congue.,cancelled
334,1547,2018-02-24,,,,,dispute
335,2213,2018-12-28,,,,,dispute
336,251,2018-11-05,,,,,dispute
337,1035,2019-06-18,,,,,dispute
338,987,2019-05-13,,,,,dispute
339,977,2018-02-05,1.9,2.0,In quis justo.,"Quisque arcu libero, rutrum ac, lobortis vel, dapibus at, diam.",cancelled
340,1696,2020-06-17,,,,,ongoing
341,2246,2019-07-24,1.6,2.3,Quisque ut erat.,Curabitur in libero ut massa volutpat convallis.,complete
342,52,2020-01-01,,,,,dispute
343,666,2019-10-18,4.2,4.4,Vestibulum ante ipsum primis in faucibus orci luctus et ultrices posuere cubilia Curae; Nulla dapibus dolor vel est.,Vestibulum rutrum rutrum neque.,complete
344,2224,2019-12-08,3.8,4.1,In blandit ultrices enim.,Nam dui.,complete
345,2179,2019-09-22,1.4,1.3,Duis consequat dui nec nisi volutpat eleifend.,Ut tellus.,complete
346,13,2018-07-05,,,,,dispute
347,658,2018-07-28,,,,,ongoing
348,924,2020-01-28,,,,,ongoing
349,537,2018-12-18,2.7,3.5,Vestibulum ac est lacinia nisi venenatis tristique.,"Donec diam neque, vestibulum eget, vulputate ut, ultrices vel, augue.",complete
350,36,2020-03-08,,,,,dispute
351,1772,2019-04-27,4.4,3.2,"Cum sociis natoque penatibus et magnis dis parturient montes, nascetur ridiculus mus.",Duis mattis egestas metus.,cancelled
352,1891,2018-07-30,,,,,dispute
353,455,2018-05-14,,,,,dispute
354,905,2018-05-19,3.1,1.4,"Maecenas leo odio, condimentum id, luctus nec, molestie sed, justo.",Proin risus.,complete
355,2245,2019-11-28,,,,,ongoing
356,2132,2018-03-03,4.0,1.6,Ut at dolor quis odio consequat varius.,Maecenas ut massa quis augue luctus tincidunt.,complete
357,2317,2020-03-20,,,,,ongoing
358,505,2019-03-17,,,,,ongoing
359,854,2018-12-10,4.2,3.7,Sed vel enim sit amet nunc viverra dapibus.,"Fusce lacus purus, aliquet at, feugiat non, pretium quis, lectus.",complete
360,93,2018-09-01,,,,,ongoing
361,768,2020-01-26,,,,,dispute
362,1222,2018-05-23,,,,,dispute
363,448,2019-05-26,1.1,4.1,Aliquam sit amet diam in magna bibendum imperdiet.,Nulla facilisi.,complete
364,39,2018-04-18,4.2,4.6,Donec dapibus.,Mauris lacinia sapien quis libero.,complete
365,766,2020-02-23,,,,,dispute
366,1594,2020-01-18,4.0,1.4,Nulla justo.,Mauris sit amet eros.,complete
367,1791,2019-08-13,4.2,5.0,Aliquam erat volutpat.,Maecenas tincidunt lacus at velit.,cancelled
368,2247,2019-07-02,,,,,dispute
369,411,2020-09-09,2.7,4.6,In eleifend quam a odio.,Nulla justo.,complete
370,1834,2020-06-02,2.4,3.3,Vivamus in felis eu sapien cursus vestibulum.,Aliquam sit amet diam in magna bibendum imperdiet.,cancelled
371,1603,2018-04-06,1.1,3.5,Vivamus vel nulla eget eros elementum pellentesque.,Etiam vel augue.,complete
372,189,2018-10-17,,,,,ongoing
373,879,2019-05-31,3.9,5.0,Proin eu mi.,"Vestibulum quam sapien, varius ut, blandit non, interdum in, ante.",complete
374,297,2018-09-09,,,,,ongoing
375,733,2018-12-02,1.9,2.5,Pellentesque at nulla.,Nullam porttitor lacus at turpis.,complete
376,2322,2018-08-11,,,,,ongoing
377,1739,2018-12-24,,,,,dispute
378,232,2019-08-03,,,,,ongoing
379,832,2018-12-21,,,,,dispute
380,166,2020-06-03,,,,,ongoing
381,1104,2018-04-05,,,,,ongoing
382,2354,2018-05-14,2.5,3.1,Donec semper sapien a libero.,Duis consequat dui nec nisi volutpat eleifend.,cancelled
383,2442,2019-05-19,1.1,2.5,Cras pellentesque volutpat dui.,Sed ante.,complete
384,715,2018-05-05,,,,,ongoing
385,2587,2018-12-04,,,,,ongoing
386,53,2019-04-27,,,,,ongoing
387,775,2019-02-09,,,,,dispute
388,1334,2019-04-09,1.7,4.1,Morbi non quam nec dui luctus rutrum.,Pellentesque at nulla.,complete
389,649,2018-05-22,4.6,1.7,Nulla justo.,Quisque id justo sit amet sapien dignissim vestibulum.,cancelled
390,331,2019-12-01,4.2,1.3,Vestibulum ante ipsum primis in faucibus orci luctus et ultrices posuere cubilia Curae; Duis faucibus accumsan odio.,"Duis bibendum, felis sed interdum venenatis, turpis enim blandit mi, in porttitor pede justo eu massa.",complete
391,963,2019-12-21,,,,,dispute
392,2313,2018-11-29,,,,,ongoing
393,185,2018-02-07,3.7,1.5,Nullam sit amet turpis elementum ligula vehicula consequat.,Morbi a ipsum.,cancelled
394,2586,2019-09-11,,,,,dispute
395,1952,2019-10-04,3.6,1.3,Nunc nisl.,"In tempor, turpis nec euismod scelerisque, quam turpis adipiscing lorem, vitae mattis nibh ligula nec sem.",cancelled
396,1198,2019-08-31,1.4,1.5,"Maecenas leo odio, condimentum id, luctus nec, molestie sed, justo.",In hac habitasse platea dictumst.,complete
397,1298,2019-10-23,,,,,dispute
398,2494,2018-12-12,,,,,ongoing
399,2416,2020-05-30,,,,,ongoing
400,557,2020-03-08,1.9,3.0,Duis bibendum.,Sed sagittis.,complete
401,1476,2019-05-09,1.9,2.4,Nulla tempus.,Mauris ullamcorper purus sit amet nulla.,cancelled
402,1474,2019-01-07,3.0,3.0,Nulla mollis molestie lorem.,Maecenas rhoncus aliquam lacus.,complete
403,324,2020-09-09,,,,,dispute
404,1129,2018-04-26,2.6,2.1,Nulla ut erat id mauris vulputate elementum.,Morbi a ipsum.,cancelled
405,2192,2018-07-23,4.6,2.2,"Lorem ipsum dolor sit amet, consectetuer adipiscing elit.","Donec odio justo, sollicitudin ut, suscipit a, feugiat et, eros.",complete
406,1531,2019-05-10,4.9,3.1,Nunc rhoncus dui vel sem.,Maecenas tincidunt lacus at velit.,cancelled
407,2425,2018-09-17,1.1,4.3,Vestibulum sed magna at nunc commodo placerat.,Mauris lacinia sapien quis libero.,complete
408,461,2020-05-25,3.1,4.5,Vivamus vel nulla eget eros elementum pellentesque.,Morbi non lectus.,complete
409,29,2018-02-25,,,,,dispute
410,1656,2019-01-23,3.6,2.1,Etiam faucibus cursus urna.,Nam dui.,complete
411,2444,2019-09-01,,,,,ongoing
412,424,2018-06-07,,,,,ongoing
413,1600,2019-07-29,2.2,2.9,Duis aliquam convallis nunc.,Mauris sit amet eros.,complete
414,455,2019-07-30,,,,,dispute
415,1756,2019-05-15,,,,,ongoing
416,365,2018-01-20,3.7,1.2,Nullam porttitor lacus at turpis.,Proin risus.,cancelled
417,2024,2020-01-02,,,,,ongoing
418,1745,2020-01-27,2.7,3.5,Sed ante.,Phasellus sit amet erat.,cancelled
419,2213,2018-07-10,3.0,4.4,Praesent blandit lacinia erat.,Praesent id massa id nisl venenatis lacinia.,cancelled
420,886,2018-12-29,,,,,dispute
421,2548,2019-06-08,4.2,2.8,"Nam congue, risus semper porta volutpat, quam pede lobortis ligula, sit amet eleifend pede libero quis orci.",Aenean sit amet justo.,cancelled
422,2482,2018-12-21,1.5,4.4,Vestibulum sed magna at nunc commodo placerat.,Proin risus.,cancelled
423,775,2019-08-02,1.4,1.9,Curabitur convallis.,Donec semper sapien a libero.,cancelled
424,1574,2019-05-07,1.8,2.8,Quisque ut erat.,Nulla nisl.,cancelled
425,326,2019-06-10,2.1,1.3,Morbi non quam nec dui luctus rutrum.,"Quisque arcu libero, rutrum ac, lobortis vel, dapibus at, diam.",cancelled
426,1124,2018-01-03,4.8,2.6,In hac habitasse platea dictumst.,Cras pellentesque volutpat dui.,complete
427,2022,2018-02-06,,,,,ongoing
428,2418,2018-02-22,,,,,ongoing
429,289,2020-05-16,1.1,1.4,Morbi non quam nec dui luctus rutrum.,"Morbi sem mauris, laoreet ut, rhoncus aliquet, pulvinar sed, nisl.",cancelled
430,1624,2020-07-31,,,,,ongoing
431,1493,2019-09-23,1.2,3.3,Nullam varius.,In eleifend quam a odio.,cancelled
432,694,2018-05-31,5.0,3.9,Nulla suscipit ligula in lacus.,Mauris lacinia sapien quis libero.,cancelled
433,848,2018-05-26,2.3,4.4,Praesent blandit lacinia erat.,Nulla suscipit ligula in lacus.,complete
434,2184,2020-09-03,,,,,dispute
435,1929,2018-07-16,,,,,ongoing
436,1961,2018-05-16,1.1,2.1,Praesent blandit lacinia erat.,"Lorem ipsum dolor sit amet, consectetuer adipiscing elit.",cancelled
437,2101,2018-02-13,,,,,ongoing
438,2253,2019-01-03,,,,,dispute
439,2363,2018-10-31,2.0,2.5,Vestibulum ante ipsum primis in faucibus orci luctus et ultrices posuere cubilia Curae; Nulla dapibus dolor vel est.,Etiam vel augue.,complete
440,1176,2020-02-15,3.8,1.1,Nunc rhoncus dui vel sem.,Nunc rhoncus dui vel sem.,cancelled
441,376,2019-10-23,3.4,2.3,"Nulla neque libero, convallis eget, eleifend luctus, ultricies eu, nibh.",Curabitur in libero ut massa volutpat convallis.,complete
442,831,2018-05-27,4.5,4.3,Nulla ut erat id mauris vulputate elementum.,Quisque porta volutpat erat.,complete
443,1108,2020-02-03,4.6,3.3,Morbi porttitor lorem id ligula.,Quisque porta volutpat erat.,cancelled
444,127,2019-09-27,,,,,dispute
445,841,2019-02-04,3.0,1.6,"Morbi sem mauris, laoreet ut, rhoncus aliquet, pulvinar sed, nisl.",Suspendisse potenti.,complete
446,1275,2020-05-08,1.8,2.4,Praesent id massa id nisl venenatis lacinia.,Morbi ut odio.,cancelled
447,601,2020-04-06,,,,,dispute
448,570,2019-08-22,4.9,3.5,Etiam vel augue.,Cras non velit nec nisi vulputate nonummy.,cancelled
449,597,2020-09-10,,,,,dispute
450,96,2019-06-28,,,,,ongoing
451,2377,2018-05-24,,,,,ongoing
452,300,2019-12-28,3.9,2.6,Proin risus.,Morbi non lectus.,complete
453,1979,2020-04-29,,,,,dispute
454,1358,2018-06-30,,,,,ongoing
455,1430,2019-12-27,4.2,2.0,Sed ante.,Suspendisse ornare consequat lectus.,complete
456,2207,2018-09-24,2.8,1.2,Pellentesque eget nunc.,Nunc nisl.,complete
457,601,2018-12-24,,,,,dispute
458,1517,2019-12-02,1.7,1.2,"Vestibulum ante ipsum primis in faucibus orci luctus et ultrices posuere cubilia Curae; Donec pharetra, magna vestibulum aliquet ultrices, erat tortor sollicitudin mi, sit amet lobortis sapien sapien non mi.",Aliquam erat volutpat.,cancelled
459,982,2018-10-15,,,,,dispute
460,2199,2018-09-29,3.8,3.2,Suspendisse potenti.,In hac habitasse platea dictumst.,cancelled
461,97,2020-01-01,2.2,4.5,Sed ante.,Donec posuere metus vitae ipsum.,cancelled
462,2538,2018-10-10,1.9,4.3,Suspendisse potenti.,Suspendisse ornare consequat lectus.,cancelled
463,2108,2020-04-29,3.6,3.3,"Donec diam neque, vestibulum eget, vulputate ut, ultrices vel, augue.",Duis mattis egestas metus.,complete
464,756,2019-08-12,3.7,3.3,"Donec diam neque, vestibulum eget, vulputate ut, ultrices vel, augue.","Fusce congue, diam id ornare imperdiet, sapien urna pretium nisl, ut volutpat sapien arcu sed augue.",cancelled
465,2401,2018-11-09,3.0,2.8,Integer a nibh.,In congue.,complete
466,59,2019-08-27,2.9,3.4,Curabitur gravida nisi at nibh.,In hac habitasse platea dictumst.,cancelled
467,2126,2019-08-23,2.1,2.7,Nunc nisl.,Donec vitae nisi.,cancelled
468,801,2018-10-30,,,,,ongoing
469,1486,2018-02-10,3.9,2.8,Proin at turpis a pede posuere nonummy.,Etiam pretium iaculis justo.,complete
470,558,2018-04-08,4.6,3.2,Proin risus.,In quis justo.,complete
471,125,2020-04-26,2.2,4.0,In hac habitasse platea dictumst.,Nulla mollis molestie lorem.,complete
472,199,2018-03-29,,,,,dispute
473,686,2019-05-10,,,,,ongoing
474,2539,2019-04-11,,,,,ongoing
475,2188,2019-08-04,2.9,2.0,Proin eu mi.,"Lorem ipsum dolor sit amet, consectetuer adipiscing elit.",complete
476,818,2018-08-12,,,,,dispute
477,1904,2020-06-02,1.4,3.8,"Nullam orci pede, venenatis non, sodales sed, tincidunt eu, felis.",Ut tellus.,complete
478,2504,2019-07-31,,,,,ongoing
479,2242,2020-01-22,,,,,dispute
480,688,2018-05-24,,,,,ongoing
481,1558,2018-06-25,,,,,ongoing
482,279,2018-04-23,,,,,dispute
483,1095,2020-09-12,2.0,2.6,"Integer pede justo, lacinia eget, tincidunt eget, tempus vel, pede.",In hac habitasse platea dictumst.,cancelled
484,617,2020-01-04,,,,,dispute
485,2001,2018-06-08,4.0,1.8,Nullam varius.,Suspendisse potenti.,complete
486,1015,2018-02-28,,,,,dispute
487,667,2020-07-28,1.2,1.6,Sed vel enim sit amet nunc viverra dapibus.,Curabitur gravida nisi at nibh.,complete
488,1413,2019-10-31,2.3,1.2,Proin eu mi.,Donec ut dolor.,cancelled
489,1291,2018-07-07,4.8,1.5,Aliquam erat volutpat.,In congue.,cancelled
490,468,2020-03-31,4.2,1.1,Etiam faucibus cursus urna.,"Vestibulum ante ipsum primis in faucibus orci luctus et ultrices posuere cubilia Curae; Donec pharetra, magna vestibulum aliquet ultrices, erat tortor sollicitudin mi, sit amet lobortis sapien sapien non mi.",cancelled
491,2472,2020-08-04,3.4,3.7,Etiam vel augue.,Vestibulum sed magna at nunc commodo placerat.,complete
492,987,2018-04-02,,,,,ongoing
493,2165,2019-03-28,,,,,ongoing
494,686,2019-12-31,4.7,1.9,Vestibulum sed magna at nunc commodo placerat.,Quisque porta volutpat erat.,cancelled
495,911,2018-05-24,3.5,4.5,Duis bibendum.,Aenean sit amet justo.,complete
496,2517,2019-08-11,,,,,ongoing
497,1093,2020-01-01,4.5,1.3,Sed vel enim sit amet nunc viverra dapibus.,Duis ac nibh.,cancelled
498,2372,2019-12-23,4.9,4.2,Duis consequat dui nec nisi volutpat eleifend.,Pellentesque eget nunc.,complete
499,89,2018-01-04,,,,,ongoing
500,674,2020-04-17,1.5,4.7,"Lorem ipsum dolor sit amet, consectetuer adipiscing elit.",Integer a nibh.,cancelled
501,2206,2020-07-16,,,,,dispute
502,80,2020-02-01,4.5,2.0,"Vivamus metus arcu, adipiscing molestie, hendrerit at, vulputate vitae, nisl.",Integer ac neque.,complete
503,2081,2019-06-08,4.2,3.3,"Nam ultrices, libero non mattis pulvinar, nulla pede ullamcorper augue, a suscipit nulla elit ac nulla.",Morbi vel lectus in quam fringilla rhoncus.,cancelled
504,1006,2019-12-24,1.6,4.2,Integer ac neque.,"Duis bibendum, felis sed interdum venenatis, turpis enim blandit mi, in porttitor pede justo eu massa.",cancelled
505,2352,2019-07-10,1.2,4.5,"Fusce lacus purus, aliquet at, feugiat non, pretium quis, lectus.",In blandit ultrices enim.,complete
506,959,2018-06-07,,,,,ongoing
507,528,2018-12-11,,,,,ongoing
508,1150,2019-10-04,,,,,ongoing
509,308,2018-06-06,,,,,dispute
510,705,2019-04-20,2.2,2.0,"Nullam orci pede, venenatis non, sodales sed, tincidunt eu, felis.",Quisque porta volutpat erat.,complete
511,912,2018-07-11,4.9,1.2,In hac habitasse platea dictumst.,Etiam faucibus cursus urna.,complete
512,1694,2019-10-14,,,,,ongoing
513,952,2019-08-10,,,,,ongoing
514,1016,2019-08-24,2.9,3.0,Vivamus in felis eu sapien cursus vestibulum.,"Aliquam augue quam, sollicitudin vitae, consectetuer eget, rutrum at, lorem.",cancelled
515,1456,2020-09-14,1.3,2.3,"Donec diam neque, vestibulum eget, vulputate ut, ultrices vel, augue.",Aenean lectus.,cancelled
516,581,2018-08-14,,,,,dispute
517,379,2018-06-29,,,,,dispute
518,2288,2019-08-13,3.8,2.6,Quisque porta volutpat erat.,Maecenas tincidunt lacus at velit.,cancelled
519,2004,2019-12-22,,,,,dispute
520,1929,2018-08-29,3.1,4.2,Morbi porttitor lorem id ligula.,"Nam ultrices, libero non mattis pulvinar, nulla pede ullamcorper augue, a suscipit nulla elit ac nulla.",cancelled
521,2208,2020-01-03,3.3,2.0,In hac habitasse platea dictumst.,Integer tincidunt ante vel ipsum.,cancelled
522,981,2020-03-23,,,,,ongoing
523,421,2020-09-05,,,,,dispute
524,99,2020-01-18,,,,,ongoing
525,993,2018-08-06,,,,,dispute
526,1239,2019-11-22,,,,,dispute
527,2158,2018-01-25,3.3,3.4,Proin at turpis a pede posuere nonummy.,Quisque ut erat.,cancelled
528,240,2018-08-12,,,,,dispute
529,591,2018-11-20,,,,,ongoing
530,65,2020-01-27,4.5,4.0,Nulla mollis molestie lorem.,Curabitur convallis.,cancelled
531,867,2018-01-31,,,,,dispute
532,1670,2018-05-30,3.3,2.5,Nulla suscipit ligula in lacus.,"Quisque arcu libero, rutrum ac, lobortis vel, dapibus at, diam.",complete
533,1504,2019-07-14,4.4,3.4,Ut at dolor quis odio consequat varius.,Integer ac neque.,complete
534,257,2020-05-26,3.0,4.4,Nullam sit amet turpis elementum ligula vehicula consequat.,Curabitur at ipsum ac tellus semper interdum.,cancelled
535,2358,2018-03-29,1.0,1.7,Donec quis orci eget orci vehicula condimentum.,Aenean lectus.,cancelled
536,1319,2019-08-24,,,,,dispute
537,2189,2019-09-20,,,,,dispute
538,1742,2020-03-29,3.2,1.5,Vestibulum rutrum rutrum neque.,Duis ac nibh.,complete
539,1982,2019-08-19,2.7,4.1,In hac habitasse platea dictumst.,Nullam molestie nibh in lectus.,complete
540,1050,2019-03-12,,,,,ongoing
541,44,2019-01-15,,,,,ongoing
542,2099,2018-04-11,,,,,ongoing
543,672,2020-03-31,2.1,5.0,Morbi porttitor lorem id ligula.,Aliquam quis turpis eget elit sodales scelerisque.,complete
544,2197,2019-06-01,,,,,ongoing
545,2019,2018-01-17,4.8,2.9,Curabitur at ipsum ac tellus semper interdum.,Mauris lacinia sapien quis libero.,cancelled
546,841,2019-07-03,3.4,1.8,Maecenas pulvinar lobortis est.,Aliquam non mauris.,cancelled
547,2162,2019-01-29,,,,,ongoing
548,2487,2018-05-12,,,,,ongoing
549,2358,2018-10-20,3.3,2.6,"Morbi odio odio, elementum eu, interdum eu, tincidunt in, leo.","In est risus, auctor sed, tristique in, tempus sit amet, sem.",complete
550,973,2018-06-15,,,,,ongoing
551,1684,2019-10-21,,,,,ongoing
552,1080,2020-01-02,3.1,3.5,Nunc rhoncus dui vel sem.,Nunc nisl.,complete
553,1691,2020-08-03,,,,,dispute
554,2516,2019-06-22,,,,,dispute
555,417,2018-05-31,,,,,ongoing
556,1526,2019-06-21,,,,,ongoing
557,1381,2018-09-21,4.0,4.6,Fusce consequat.,Curabitur at ipsum ac tellus semper interdum.,cancelled
558,2189,2019-03-04,,,,,ongoing
559,541,2020-03-13,2.2,1.4,Sed accumsan felis.,In quis justo.,cancelled
560,1549,2019-08-10,,,,,ongoing
561,1831,2020-02-10,1.4,3.3,"Integer aliquet, massa id lobortis convallis, tortor risus dapibus augue, vel accumsan tellus nisi eu orci.","Cras mi pede, malesuada in, imperdiet et, commodo vulputate, justo.",complete
562,1712,2019-11-22,1.1,4.8,"Cras mi pede, malesuada in, imperdiet et, commodo vulputate, justo.","Donec diam neque, vestibulum eget, vulputate ut, ultrices vel, augue.",cancelled
563,2470,2018-01-16,1.7,4.7,Nulla mollis molestie lorem.,Nam nulla.,cancelled
564,1933,2020-08-08,,,,,ongoing
565,2555,2020-07-30,,,,,dispute
566,704,2019-12-19,,,,,dispute
567,536,2018-10-07,,,,,ongoing
568,624,2019-02-11,,,,,ongoing
569,3,2020-04-27,4.9,4.8,Aenean lectus.,Curabitur at ipsum ac tellus semper interdum.,cancelled
570,392,2018-03-30,2.4,1.6,Nunc nisl.,Donec vitae nisi.,complete
571,1913,2018-05-03,3.8,4.7,Phasellus in felis.,"Morbi odio odio, elementum eu, interdum eu, tincidunt in, leo.",complete
572,238,2019-06-11,2.2,3.1,Pellentesque eget nunc.,"Donec diam neque, vestibulum eget, vulputate ut, ultrices vel, augue.",complete
573,1630,2018-09-16,,,,,ongoing
574,2336,2020-02-28,1.6,4.9,"Fusce congue, diam id ornare imperdiet, sapien urna pretium nisl, ut volutpat sapien arcu sed augue.",Nam tristique tortor eu pede.,cancelled
575,1477,2018-05-09,1.7,3.4,Aenean sit amet justo.,Aliquam erat volutpat.,complete
576,95,2019-02-03,3.7,4.7,Pellentesque ultrices mattis odio.,"Vestibulum quam sapien, varius ut, blandit non, interdum in, ante.",cancelled
577,2145,2018-09-13,2.2,2.5,"Lorem ipsum dolor sit amet, consectetuer adipiscing elit.",Nulla justo.,cancelled
578,372,2020-04-28,2.4,3.4,Nulla justo.,Suspendisse ornare consequat lectus.,cancelled
579,2017,2019-05-24,1.8,4.0,Morbi porttitor lorem id ligula.,Nullam porttitor lacus at turpis.,cancelled
580,2194,2018-03-03,,,,,dispute
581,1153,2019-07-23,2.3,1.1,"Fusce congue, diam id ornare imperdiet, sapien urna pretium nisl, ut volutpat sapien arcu sed augue.",Curabitur in libero ut massa volutpat convallis.,cancelled
582,213,2019-08-24,3.3,2.6,Fusce posuere felis sed lacus.,Pellentesque ultrices mattis odio.,cancelled
583,513,2018-06-06,2.6,2.2,Donec posuere metus vitae ipsum.,In hac habitasse platea dictumst.,cancelled
584,1949,2018-11-07,,,,,dispute
585,2249,2018-10-07,3.9,4.9,Etiam pretium iaculis justo.,"Lorem ipsum dolor sit amet, consectetuer adipiscing elit.",complete
586,1581,2018-07-16,,,,,dispute
587,2352,2018-02-09,,,,,dispute
588,944,2019-03-07,2.1,2.0,"Cum sociis natoque penatibus et magnis dis parturient montes, nascetur ridiculus mus.",Integer tincidunt ante vel ipsum.,cancelled
589,1504,2019-09-11,1.4,3.0,Mauris sit amet eros.,Fusce consequat.,cancelled
590,1071,2020-04-11,2.8,4.7,Vivamus tortor.,Ut tellus.,complete
591,2053,2019-07-21,3.2,3.1,Cras non velit nec nisi vulputate nonummy.,Curabitur convallis.,complete
592,1715,2018-09-24,1.2,1.4,Curabitur convallis.,Nullam porttitor lacus at turpis.,complete
593,771,2019-09-17,,,,,ongoing
594,484,2018-10-11,,,,,ongoing
595,79,2019-10-16,,,,,dispute
596,235,2019-08-30,2.5,1.4,"Morbi odio odio, elementum eu, interdum eu, tincidunt in, leo.",Maecenas pulvinar lobortis est.,complete
597,400,2018-02-09,1.4,4.5,Duis at velit eu est congue elementum.,"In est risus, auctor sed, tristique in, tempus sit amet, sem.",cancelled
598,230,2020-06-25,,,,,ongoing
599,1924,2020-04-14,,,,,dispute
600,1351,2018-05-24,1.2,3.7,"Donec diam neque, vestibulum eget, vulputate ut, ultrices vel, augue.",Duis ac nibh.,cancelled
601,1866,2019-08-31,2.3,2.8,Fusce posuere felis sed lacus.,Fusce consequat.,cancelled
602,1716,2020-01-08,,,,,dispute
603,929,2018-03-16,,,,,ongoing
604,1537,2019-12-18,2.4,2.3,Nulla tellus.,Duis aliquam convallis nunc.,cancelled
605,1054,2020-08-28,,,,,dispute
606,2407,2020-05-01,3.5,3.1,Nulla mollis molestie lorem.,Mauris lacinia sapien quis libero.,complete
607,1521,2020-05-30,2.6,4.4,Ut at dolor quis odio consequat varius.,Nulla nisl.,cancelled
608,2177,2020-07-14,,,,,ongoing
609,1697,2020-04-30,,,,,ongoing
610,1541,2019-07-24,2.2,2.6,Duis bibendum.,Maecenas rhoncus aliquam lacus.,cancelled
611,1220,2018-12-04,,,,,ongoing
612,1552,2019-05-26,2.0,3.1,Etiam justo.,Aliquam non mauris.,complete
613,2009,2019-08-30,3.4,3.0,In hac habitasse platea dictumst.,Ut at dolor quis odio consequat varius.,complete
614,1715,2020-09-12,,,,,ongoing
615,658,2020-05-03,2.0,2.2,Etiam justo.,"Cum sociis natoque penatibus et magnis dis parturient montes, nascetur ridiculus mus.",complete
616,1617,2019-01-15,,,,,dispute
617,830,2019-11-29,3.3,4.0,Donec posuere metus vitae ipsum.,Donec vitae nisi.,complete
618,1859,2020-08-04,3.6,1.4,Etiam vel augue.,Donec quis orci eget orci vehicula condimentum.,complete
619,892,2019-08-14,3.7,2.8,Aliquam erat volutpat.,Nullam molestie nibh in lectus.,complete
620,1830,2019-02-26,,,,,ongoing
621,1032,2018-05-31,,,,,dispute
622,854,2019-11-12,,,,,ongoing
623,1559,2020-03-04,,,,,ongoing
624,935,2018-02-26,,,,,ongoing
625,73,2018-06-14,,,,,ongoing
626,909,2020-05-05,1.9,1.6,Morbi non lectus.,Etiam faucibus cursus urna.,complete
627,1970,2019-08-11,,,,,ongoing
628,1335,2019-05-06,,,,,ongoing
629,128,2018-05-08,3.7,3.7,"Cum sociis natoque penatibus et magnis dis parturient montes, nascetur ridiculus mus.",Suspendisse potenti.,cancelled
630,2047,2019-03-28,3.2,2.3,"Vivamus metus arcu, adipiscing molestie, hendrerit at, vulputate vitae, nisl.","Morbi vestibulum, velit id pretium iaculis, diam erat fermentum justo, nec condimentum neque sapien placerat ante.",cancelled
631,2488,2018-06-29,,,,,ongoing
632,1226,2019-11-09,,,,,dispute
633,2390,2019-03-09,1.7,1.1,"Donec diam neque, vestibulum eget, vulputate ut, ultrices vel, augue.","In est risus, auctor sed, tristique in, tempus sit amet, sem.",complete
634,324,2018-05-21,3.4,1.9,"Donec diam neque, vestibulum eget, vulputate ut, ultrices vel, augue.",Curabitur convallis.,complete
635,2064,2018-08-24,3.8,4.9,Suspendisse potenti.,Sed sagittis.,cancelled
636,1414,2018-10-31,,,,,ongoing
637,2176,2020-08-26,,,,,dispute
638,2545,2019-12-06,2.9,3.4,"Donec diam neque, vestibulum eget, vulputate ut, ultrices vel, augue.","Quisque arcu libero, rutrum ac, lobortis vel, dapibus at, diam.",complete
639,479,2018-11-26,4.9,4.6,Fusce posuere felis sed lacus.,Suspendisse potenti.,cancelled
640,707,2018-09-29,,,,,ongoing
641,984,2020-08-13,,,,,dispute
642,1489,2020-04-03,4.2,1.6,Duis mattis egestas metus.,"Nam ultrices, libero non mattis pulvinar, nulla pede ullamcorper augue, a suscipit nulla elit ac nulla.",cancelled
643,1855,2020-03-25,,,,,ongoing
644,791,2020-08-01,,,,,ongoing
645,1676,2019-06-25,4.5,1.3,Morbi vel lectus in quam fringilla rhoncus.,Nam dui.,cancelled
646,2596,2020-03-16,4.6,4.8,Quisque id justo sit amet sapien dignissim vestibulum.,Donec quis orci eget orci vehicula condimentum.,complete
647,1559,2020-07-21,,,,,ongoing
648,1141,2019-08-06,,,,,dispute
649,2045,2019-11-02,,,,,dispute
650,758,2018-07-05,2.5,1.7,Fusce consequat.,"Morbi sem mauris, laoreet ut, rhoncus aliquet, pulvinar sed, nisl.",complete
651,981,2020-07-15,1.8,3.2,"Mauris enim leo, rhoncus sed, vestibulum sit amet, cursus id, turpis.",Duis ac nibh.,cancelled
652,1596,2020-04-10,3.3,4.5,"Nulla neque libero, convallis eget, eleifend luctus, ultricies eu, nibh.",Quisque id justo sit amet sapien dignissim vestibulum.,complete
653,1361,2020-03-19,5.0,3.5,Proin interdum mauris non ligula pellentesque ultrices.,Etiam pretium iaculis justo.,cancelled
654,1593,2018-09-02,,,,,dispute
655,336,2019-01-06,3.3,1.8,Morbi porttitor lorem id ligula.,Ut at dolor quis odio consequat varius.,complete
656,2418,2018-03-20,3.8,3.0,Sed sagittis.,Integer ac neque.,cancelled
657,2122,2018-07-31,,,,,ongoing
658,466,2019-04-04,1.9,1.1,Integer a nibh.,In eleifend quam a odio.,cancelled
659,340,2018-04-23,4.9,4.3,In hac habitasse platea dictumst.,Donec ut dolor.,complete
660,1015,2019-07-08,2.2,2.8,"Mauris enim leo, rhoncus sed, vestibulum sit amet, cursus id, turpis.",Cras in purus eu magna vulputate luctus.,cancelled
661,443,2019-06-25,,,,,dispute
662,2332,2018-11-15,,,,,dispute
663,552,2020-06-08,1.1,2.2,Pellentesque eget nunc.,Nulla facilisi.,complete
664,1419,2019-11-25,,,,,ongoing
665,789,2020-03-30,,,,,ongoing
666,991,2019-03-04,4.2,1.3,In hac habitasse platea dictumst.,Suspendisse potenti.,complete
667,1769,2020-03-19,,,,,dispute
668,225,2020-06-02,,,,,ongoing
669,2016,2018-10-15,,,,,ongoing
670,1094,2018-01-01,1.7,4.0,Praesent id massa id nisl venenatis lacinia.,"Cum sociis natoque penatibus et magnis dis parturient montes, nascetur ridiculus mus.",cancelled
671,2349,2018-07-25,3.1,1.6,In hac habitasse platea dictumst.,Maecenas tincidunt lacus at velit.,cancelled
672,1113,2019-11-07,1.8,2.3,Nunc nisl.,Duis mattis egestas metus.,complete
673,2162,2020-03-14,2.7,3.8,In congue.,"Nam congue, risus semper porta volutpat, quam pede lobortis ligula, sit amet eleifend pede libero quis orci.",complete
674,2580,2019-11-30,2.4,2.9,Suspendisse accumsan tortor quis turpis.,Maecenas rhoncus aliquam lacus.,cancelled
675,63,2019-07-31,,,,,ongoing
676,1628,2018-07-03,,,,,ongoing
677,1831,2018-03-23,4.9,4.4,Sed sagittis.,Nullam porttitor lacus at turpis.,cancelled
678,1911,2019-04-20,,,,,ongoing
679,1172,2019-07-26,,,,,dispute
680,2468,2019-08-25,,,,,dispute
681,2047,2019-10-13,4.5,3.0,Aenean lectus.,Etiam faucibus cursus urna.,cancelled
682,1621,2018-12-27,2.2,1.7,"Cum sociis natoque penatibus et magnis dis parturient montes, nascetur ridiculus mus.",Praesent lectus.,complete
683,1404,2018-02-26,3.5,4.5,Nam dui.,Donec vitae nisi.,complete
684,2390,2020-03-07,4.0,4.2,"Fusce lacus purus, aliquet at, feugiat non, pretium quis, lectus.",Nam tristique tortor eu pede.,complete
685,1289,2019-07-03,,,,,dispute
686,158,2019-12-12,,,,,ongoing
687,323,2020-07-23,,,,,dispute
688,2285,2018-04-28,1.1,3.5,In sagittis dui vel nisl.,Vivamus vestibulum sagittis sapien.,complete
689,1379,2018-08-25,4.9,2.1,In hac habitasse platea dictumst.,Vestibulum rutrum rutrum neque.,cancelled
690,598,2019-06-26,3.3,1.3,Morbi vel lectus in quam fringilla rhoncus.,Cras non velit nec nisi vulputate nonummy.,cancelled
691,922,2019-03-21,,,,,dispute
692,1541,2018-09-13,2.9,4.7,Duis ac nibh.,"Fusce congue, diam id ornare imperdiet, sapien urna pretium nisl, ut volutpat sapien arcu sed augue.",cancelled
693,2417,2020-07-22,,,,,ongoing
694,468,2019-09-13,,,,,ongoing
695,2151,2020-04-26,,,,,dispute
696,212,2020-01-31,2.0,2.7,Nulla tempus.,Nunc purus.,complete
697,586,2020-07-09,2.3,2.0,Integer ac leo.,Morbi non lectus.,complete
698,1739,2018-07-24,4.4,2.4,Vivamus vel nulla eget eros elementum pellentesque.,Praesent id massa id nisl venenatis lacinia.,complete
699,1538,2018-07-12,,,,,ongoing
700,2042,2020-04-20,3.0,3.4,Maecenas pulvinar lobortis est.,"Aliquam augue quam, sollicitudin vitae, consectetuer eget, rutrum at, lorem.",complete
701,2470,2020-06-25,,,,,ongoing
702,1605,2019-12-24,,,,,dispute
703,1397,2020-03-20,,,,,ongoing
704,1901,2020-07-16,,,,,dispute
705,478,2020-04-10,4.9,4.6,Duis at velit eu est congue elementum.,Sed sagittis.,complete
706,22,2019-12-13,,,,,dispute
707,2527,2019-05-08,,,,,dispute
708,2191,2019-07-07,2.8,1.6,Suspendisse potenti.,"Cum sociis natoque penatibus et magnis dis parturient montes, nascetur ridiculus mus.",cancelled
709,457,2018-08-16,,,,,dispute
710,807,2018-07-24,,,,,dispute
711,1285,2019-05-17,,,,,ongoing
712,556,2018-03-22,1.0,2.5,"Fusce congue, diam id ornare imperdiet, sapien urna pretium nisl, ut volutpat sapien arcu sed augue.",Phasellus id sapien in sapien iaculis congue.,complete
713,941,2018-08-24,1.6,4.4,"Nam ultrices, libero non mattis pulvinar, nulla pede ullamcorper augue, a suscipit nulla elit ac nulla.",Morbi a ipsum.,cancelled
714,947,2020-03-07,,,,,ongoing
715,2094,2019-10-30,,,,,dispute
716,1634,2020-06-10,4.2,1.7,In hac habitasse platea dictumst.,Aliquam non mauris.,cancelled
717,2303,2020-05-20,,,,,dispute
718,2144,2019-12-18,,,,,dispute
719,1290,2020-07-26,4.7,2.2,In hac habitasse platea dictumst.,"Integer pede justo, lacinia eget, tincidunt eget, tempus vel, pede.",complete
720,2081,2019-04-05,4.4,4.8,Maecenas rhoncus aliquam lacus.,Proin eu mi.,complete
721,2568,2018-04-10,,,,,ongoing
722,1414,2018-05-21,,,,,ongoing
723,2125,2018-03-02,1.5,3.5,Nulla justo.,Aliquam erat volutpat.,complete
724,2406,2020-05-16,4.8,2.2,Nulla ac enim.,"Morbi odio odio, elementum eu, interdum eu, tincidunt in, leo.",cancelled
725,287,2018-03-27,2.0,2.9,In blandit ultrices enim.,Nulla nisl.,complete
726,2599,2019-01-10,,,,,dispute
727,1482,2019-10-07,,,,,ongoing
728,1695,2019-05-09,4.6,4.9,"Maecenas leo odio, condimentum id, luctus nec, molestie sed, justo.",Donec vitae nisi.,cancelled
729,2587,2019-02-12,,,,,ongoing
730,2178,2020-04-15,4.1,1.2,"Fusce lacus purus, aliquet at, feugiat non, pretium quis, lectus.",Morbi vel lectus in quam fringilla rhoncus.,complete
731,1109,2020-05-13,,,,,dispute
732,1421,2018-08-19,,,,,ongoing
733,2037,2020-04-30,4.9,1.7,"Nam congue, risus semper porta volutpat, quam pede lobortis ligula, sit amet eleifend pede libero quis orci.","Proin leo odio, porttitor id, consequat in, consequat ut, nulla.",complete
734,1444,2020-01-04,2.4,4.7,Nunc purus.,Morbi a ipsum.,complete
735,402,2018-12-09,,,,,ongoing
736,1372,2018-06-30,1.4,2.6,Curabitur convallis.,Suspendisse accumsan tortor quis turpis.,cancelled
737,531,2020-07-29,1.3,4.8,In hac habitasse platea dictumst.,Quisque porta volutpat erat.,cancelled
738,1727,2019-04-17,,,,,dispute
739,2230,2018-07-07,1.4,1.2,Etiam justo.,Etiam justo.,cancelled
740,1515,2019-07-20,,,,,ongoing
741,1233,2018-02-25,4.0,5.0,"In est risus, auctor sed, tristique in, tempus sit amet, sem.",Donec posuere metus vitae ipsum.,cancelled
742,314,2018-11-12,3.0,3.4,Nunc rhoncus dui vel sem.,Duis bibendum.,cancelled
743,2052,2019-07-01,2.3,2.5,Duis bibendum.,Nullam porttitor lacus at turpis.,cancelled
744,404,2020-01-05,2.9,2.2,Praesent blandit.,Suspendisse potenti.,cancelled
745,1794,2019-11-08,,,,,dispute
746,2379,2019-08-29,,,,,dispute
747,1520,2018-07-13,,,,,dispute
748,2287,2018-12-12,4.4,2.2,Suspendisse potenti.,Cras non velit nec nisi vulputate nonummy.,cancelled
749,590,2020-05-08,,,,,dispute
750,879,2019-08-09,,,,,dispute
751,2548,2020-01-01,,,,,dispute
752,319,2018-06-20,3.4,2.8,In hac habitasse platea dictumst.,Curabitur at ipsum ac tellus semper interdum.,cancelled
753,1039,2020-06-05,3.5,2.8,Nullam porttitor lacus at turpis.,Nullam porttitor lacus at turpis.,cancelled
754,1853,2019-02-23,3.9,1.9,"Mauris enim leo, rhoncus sed, vestibulum sit amet, cursus id, turpis.",Sed accumsan felis.,cancelled
755,711,2020-04-16,4.3,3.8,Aliquam non mauris.,"Vivamus metus arcu, adipiscing molestie, hendrerit at, vulputate vitae, nisl.",complete
756,2432,2019-12-07,3.4,5.0,"Nam congue, risus semper porta volutpat, quam pede lobortis ligula, sit amet eleifend pede libero quis orci.",Pellentesque eget nunc.,complete
757,1636,2019-08-09,,,,,dispute
758,1833,2018-06-16,,,,,dispute
759,1735,2019-08-07,,,,,dispute
760,2070,2018-02-16,1.6,1.8,Nulla justo.,Proin risus.,cancelled
761,2230,2018-07-07,,,,,dispute
762,1936,2018-10-31,,,,,dispute
763,1053,2018-08-11,,,,,dispute
764,390,2019-01-09,,,,,dispute
765,883,2020-05-10,2.6,4.0,Aliquam quis turpis eget elit sodales scelerisque.,"Maecenas leo odio, condimentum id, luctus nec, molestie sed, justo.",complete
766,1639,2020-02-27,2.4,5.0,Suspendisse potenti.,Cras pellentesque volutpat dui.,cancelled
767,1904,2020-05-07,2.6,3.8,"Duis bibendum, felis sed interdum venenatis, turpis enim blandit mi, in porttitor pede justo eu massa.",Mauris sit amet eros.,complete
768,219,2020-07-09,4.2,4.8,In sagittis dui vel nisl.,Donec posuere metus vitae ipsum.,complete
769,1466,2018-07-09,,,,,ongoing
770,988,2019-11-16,,,,,dispute
771,994,2018-03-21,1.1,1.9,Vivamus vestibulum sagittis sapien.,"Proin leo odio, porttitor id, consequat in, consequat ut, nulla.",cancelled
772,1017,2018-07-31,3.4,2.3,"Nulla neque libero, convallis eget, eleifend luctus, ultricies eu, nibh.",Aliquam sit amet diam in magna bibendum imperdiet.,cancelled
773,2410,2020-06-16,1.4,1.9,Duis consequat dui nec nisi volutpat eleifend.,Curabitur in libero ut massa volutpat convallis.,cancelled
774,416,2020-01-05,,,,,ongoing
775,1583,2019-08-15,,,,,ongoing
776,592,2018-05-12,,,,,dispute
777,2525,2020-04-26,,,,,dispute
778,1234,2019-12-12,2.9,2.1,Integer a nibh.,"Mauris enim leo, rhoncus sed, vestibulum sit amet, cursus id, turpis.",cancelled
779,2334,2019-03-21,1.2,4.9,Mauris ullamcorper purus sit amet nulla.,Duis at velit eu est congue elementum.,complete
780,1717,2020-02-24,,,,,ongoing
781,2542,2020-04-29,3.8,4.6,Praesent blandit.,Phasellus id sapien in sapien iaculis congue.,cancelled
782,1553,2018-10-30,2.2,4.4,Maecenas rhoncus aliquam lacus.,Pellentesque viverra pede ac diam.,cancelled
783,2073,2019-10-02,1.6,4.7,"Donec odio justo, sollicitudin ut, suscipit a, feugiat et, eros.",Mauris ullamcorper purus sit amet nulla.,complete
784,2527,2019-02-20,3.6,3.6,"Cum sociis natoque penatibus et magnis dis parturient montes, nascetur ridiculus mus.",Morbi quis tortor id nulla ultrices aliquet.,cancelled
785,166,2019-05-16,,,,,dispute
786,141,2018-02-04,1.4,1.5,In hac habitasse platea dictumst.,Proin eu mi.,complete
787,115,2020-08-04,,,,,ongoing
788,1858,2019-08-30,,,,,ongoing
789,1936,2020-06-06,,,,,ongoing
790,183,2019-04-10,,,,,dispute
791,1094,2018-06-03,,,,,dispute
792,1526,2018-03-31,,,,,ongoing
793,641,2018-03-08,2.8,3.0,In sagittis dui vel nisl.,Aenean sit amet justo.,complete
794,1431,2019-01-22,2.1,4.6,"Cum sociis natoque penatibus et magnis dis parturient montes, nascetur ridiculus mus.",Aliquam non mauris.,cancelled
795,1414,2018-07-22,2.8,1.8,Curabitur at ipsum ac tellus semper interdum.,Cras pellentesque volutpat dui.,cancelled
796,1927,2019-01-18,,,,,dispute
797,2102,2018-05-24,,,,,dispute
798,1121,2020-05-08,,,,,dispute
799,51,2020-08-17,,,,,dispute
800,1095,2018-07-17,,,,,ongoing
801,1389,2019-12-21,2.9,1.8,"Vestibulum quam sapien, varius ut, blandit non, interdum in, ante.",Etiam faucibus cursus urna.,cancelled
802,1868,2020-01-23,4.0,2.1,Nam nulla.,"Morbi odio odio, elementum eu, interdum eu, tincidunt in, leo.",complete
803,2259,2019-11-23,1.5,2.2,"Nullam orci pede, venenatis non, sodales sed, tincidunt eu, felis.",Nullam sit amet turpis elementum ligula vehicula consequat.,complete
804,2561,2018-02-21,,,,,ongoing
805,1176,2019-10-15,1.8,2.6,Nam tristique tortor eu pede.,Vestibulum ante ipsum primis in faucibus orci luctus et ultrices posuere cubilia Curae; Nulla dapibus dolor vel est.,complete
806,1662,2019-12-01,2.6,2.2,Integer non velit.,Vestibulum ac est lacinia nisi venenatis tristique.,cancelled
807,432,2018-06-13,2.7,3.4,Nulla suscipit ligula in lacus.,In sagittis dui vel nisl.,cancelled
808,1910,2019-01-26,,,,,dispute
809,2371,2020-04-29,,,,,ongoing
810,1444,2018-03-30,2.0,3.7,Etiam pretium iaculis justo.,Etiam justo.,cancelled
811,2377,2020-03-04,,,,,dispute
812,505,2019-05-05,4.5,2.1,In congue.,"Proin leo odio, porttitor id, consequat in, consequat ut, nulla.",complete
813,2209,2020-08-14,,,,,ongoing
814,2381,2018-01-01,,,,,ongoing
815,1866,2019-03-18,,,,,dispute
816,2031,2020-09-01,4.2,3.0,Fusce posuere felis sed lacus.,In hac habitasse platea dictumst.,complete
817,1420,2019-02-14,,,,,dispute
818,2543,2018-05-16,,,,,ongoing
819,859,2020-06-28,4.3,3.8,"Integer aliquet, massa id lobortis convallis, tortor risus dapibus augue, vel accumsan tellus nisi eu orci.",Mauris sit amet eros.,complete
820,808,2019-04-11,1.7,2.4,Suspendisse potenti.,In sagittis dui vel nisl.,cancelled
821,30,2018-04-17,4.4,4.8,Phasellus in felis.,Aenean sit amet justo.,complete
822,1886,2018-04-17,,,,,dispute
823,1548,2019-10-04,,,,,ongoing
824,793,2018-11-20,,,,,ongoing
825,398,2018-01-25,2.4,1.4,Duis consequat dui nec nisi volutpat eleifend.,Duis at velit eu est congue elementum.,complete
826,1205,2019-06-12,1.5,1.6,Proin at turpis a pede posuere nonummy.,Pellentesque ultrices mattis odio.,complete
827,2490,2019-05-21,,,,,ongoing
828,1095,2019-10-23,1.0,4.6,Fusce posuere felis sed lacus.,Curabitur gravida nisi at nibh.,cancelled
829,1196,2019-08-06,4.1,4.5,Suspendisse ornare consequat lectus.,Morbi vel lectus in quam fringilla rhoncus.,complete
830,1229,2019-03-24,,,,,dispute
831,2101,2019-03-31,4.8,3.6,In hac habitasse platea dictumst.,Etiam vel augue.,cancelled
832,660,2019-09-01,,,,,dispute
833,82,2020-07-11,,,,,ongoing
834,799,2020-08-01,,,,,ongoing
835,2369,2020-07-24,2.7,4.0,Maecenas pulvinar lobortis est.,Praesent lectus.,complete
836,521,2018-09-19,4.9,4.7,Sed sagittis.,Mauris lacinia sapien quis libero.,complete
837,834,2020-07-30,4.5,2.9,In quis justo.,"Integer aliquet, massa id lobortis convallis, tortor risus dapibus augue, vel accumsan tellus nisi eu orci.",complete
838,8,2020-02-20,4.0,1.8,"Maecenas tristique, est et tempus semper, est quam pharetra magna, ac consequat metus sapien ut nunc.",Curabitur at ipsum ac tellus semper interdum.,complete
839,1821,2018-05-22,3.8,3.3,In blandit ultrices enim.,"Fusce congue, diam id ornare imperdiet, sapien urna pretium nisl, ut volutpat sapien arcu sed augue.",complete
840,1376,2019-12-16,2.5,4.5,Curabitur in libero ut massa volutpat convallis.,Maecenas ut massa quis augue luctus tincidunt.,cancelled
841,1647,2018-01-04,2.2,4.3,Curabitur gravida nisi at nibh.,Pellentesque at nulla.,complete
842,584,2020-03-19,,,,,ongoing
843,346,2018-02-09,,,,,ongoing
844,1076,2018-07-22,2.0,4.2,Curabitur gravida nisi at nibh.,In blandit ultrices enim.,cancelled
845,2128,2019-03-14,3.1,4.4,Cras in purus eu magna vulputate luctus.,Praesent lectus.,cancelled
846,428,2018-12-18,2.5,2.5,Praesent blandit.,In hac habitasse platea dictumst.,complete
847,1705,2019-08-19,1.7,4.0,"Cum sociis natoque penatibus et magnis dis parturient montes, nascetur ridiculus mus.",Integer non velit.,cancelled
848,567,2019-10-02,,,,,ongoing
849,1134,2019-08-10,1.6,2.9,Curabitur gravida nisi at nibh.,"Maecenas tristique, est et tempus semper, est quam pharetra magna, ac consequat metus sapien ut nunc.",complete
850,1954,2018-12-29,2.6,4.5,Nam nulla.,Aliquam sit amet diam in magna bibendum imperdiet.,cancelled
851,2497,2019-12-31,,,,,dispute
852,1002,2019-09-18,,,,,dispute
853,1818,2020-06-15,4.9,3.6,Nulla suscipit ligula in lacus.,"Vestibulum ante ipsum primis in faucibus orci luctus et ultrices posuere cubilia Curae; Donec pharetra, magna vestibulum aliquet ultrices, erat tortor sollicitudin mi, sit amet lobortis sapien sapien non mi.",cancelled
854,1570,2020-05-30,2.3,1.5,Nulla justo.,Mauris sit amet eros.,cancelled
855,1489,2018-01-05,,,,,dispute
856,905,2019-12-07,4.1,2.3,Sed vel enim sit amet nunc viverra dapibus.,In quis justo.,cancelled
857,124,2020-07-20,,,,,dispute
858,399,2019-04-17,,,,,ongoing
859,1962,2018-03-29,,,,,dispute
860,732,2020-08-16,,,,,dispute
861,646,2019-12-05,1.2,2.4,Aliquam non mauris.,"In tempor, turpis nec euismod scelerisque, quam turpis adipiscing lorem, vitae mattis nibh ligula nec sem.",cancelled
862,606,2020-05-02,,,,,dispute
863,510,2019-04-18,2.1,3.5,Mauris lacinia sapien quis libero.,Nam tristique tortor eu pede.,cancelled
864,65,2019-10-26,,,,,ongoing
865,2528,2019-12-24,,,,,dispute
866,221,2018-11-17,,,,,dispute
867,2406,2018-07-19,,,,,ongoing
868,467,2018-08-20,,,,,dispute
869,83,2019-07-22,2.8,4.4,Nam nulla.,Morbi a ipsum.,complete
870,316,2020-05-12,4.1,2.6,Integer ac neque.,Duis aliquam convallis nunc.,complete
871,1017,2020-05-03,1.5,4.2,Aenean sit amet justo.,"Donec odio justo, sollicitudin ut, suscipit a, feugiat et, eros.",cancelled
872,1339,2019-07-18,2.9,3.7,Nulla suscipit ligula in lacus.,Pellentesque at nulla.,complete
873,196,2019-05-18,3.0,1.3,"Donec diam neque, vestibulum eget, vulputate ut, ultrices vel, augue.","Nullam orci pede, venenatis non, sodales sed, tincidunt eu, felis.",complete
874,906,2020-05-19,,,,,dispute
875,2448,2019-07-30,,,,,ongoing
876,1232,2019-04-02,3.1,1.4,Integer a nibh.,"Cum sociis natoque penatibus et magnis dis parturient montes, nascetur ridiculus mus.",complete
877,403,2020-04-09,1.1,3.2,In hac habitasse platea dictumst.,Vestibulum rutrum rutrum neque.,cancelled
878,1481,2020-08-08,,,,,dispute
879,2210,2019-11-17,,,,,dispute
880,1853,2019-06-04,2.1,1.6,"Maecenas tristique, est et tempus semper, est quam pharetra magna, ac consequat metus sapien ut nunc.",In hac habitasse platea dictumst.,complete
881,1121,2020-05-13,,,,,ongoing
882,242,2018-12-12,,,,,dispute
883,2383,2019-06-13,4.5,3.9,Quisque porta volutpat erat.,Aliquam erat volutpat.,complete
884,893,2019-12-05,4.2,3.2,Ut tellus.,Vivamus vel nulla eget eros elementum pellentesque.,cancelled
885,2259,2018-08-01,,,,,ongoing
886,353,2019-08-28,4.6,4.8,Curabitur gravida nisi at nibh.,Nullam sit amet turpis elementum ligula vehicula consequat.,cancelled
887,254,2019-09-01,,,,,dispute
888,500,2019-06-17,,,,,ongoing
889,2504,2018-10-20,,,,,dispute
890,1066,2020-03-30,,,,,ongoing
891,2059,2019-10-25,,,,,ongoing
892,1777,2020-07-23,2.8,2.7,Proin risus.,Maecenas tincidunt lacus at velit.,cancelled
893,653,2020-07-20,,,,,ongoing
894,1832,2020-09-13,1.5,4.3,Fusce consequat.,Mauris lacinia sapien quis libero.,complete
895,762,2018-07-04,,,,,ongoing
896,1258,2019-04-16,,,,,ongoing
897,1715,2020-08-31,,,,,dispute
898,336,2020-07-21,,,,,dispute
899,2052,2020-05-09,2.5,4.8,Proin at turpis a pede posuere nonummy.,"Morbi sem mauris, laoreet ut, rhoncus aliquet, pulvinar sed, nisl.",complete
900,577,2019-10-05,,,,,ongoing
901,1082,2019-07-13,,,,,dispute
902,458,2019-08-18,,,,,ongoing
903,2097,2018-05-28,,,,,dispute
904,1651,2019-11-13,,,,,dispute
905,2539,2018-06-12,2.1,2.6,Sed sagittis.,Ut at dolor quis odio consequat varius.,cancelled
906,115,2018-11-16,,,,,ongoing
907,487,2018-01-04,2.0,2.5,Maecenas rhoncus aliquam lacus.,Praesent blandit lacinia erat.,cancelled
908,339,2018-08-16,,,,,ongoing
909,1028,2020-02-26,3.9,4.6,Nunc nisl.,Duis mattis egestas metus.,complete
910,1696,2019-08-12,,,,,ongoing
911,1313,2018-11-01,,,,,ongoing
912,1263,2020-04-11,4.6,3.4,"Mauris enim leo, rhoncus sed, vestibulum sit amet, cursus id, turpis.",Aliquam erat volutpat.,complete
913,2311,2019-11-21,,,,,dispute
914,590,2019-04-21,,,,,ongoing
915,676,2020-06-15,1.6,3.1,Morbi non lectus.,Curabitur convallis.,cancelled
916,2217,2018-03-22,4.9,1.8,Aliquam non mauris.,"Integer pede justo, lacinia eget, tincidunt eget, tempus vel, pede.",cancelled
917,1509,2020-07-05,4.6,1.9,Morbi ut odio.,"Nulla neque libero, convallis eget, eleifend luctus, ultricies eu, nibh.",cancelled
918,505,2018-02-26,,,,,dispute
919,2282,2020-03-18,3.5,5.0,"Morbi sem mauris, laoreet ut, rhoncus aliquet, pulvinar sed, nisl.","In est risus, auctor sed, tristique in, tempus sit amet, sem.",cancelled
920,2273,2019-02-22,3.6,3.9,Pellentesque eget nunc.,Morbi a ipsum.,cancelled
921,813,2019-03-10,1.5,2.3,Maecenas pulvinar lobortis est.,Aenean fermentum.,complete
922,2277,2019-09-23,,,,,ongoing
923,2364,2018-11-01,1.1,2.6,In quis justo.,Morbi quis tortor id nulla ultrices aliquet.,complete
924,492,2019-07-22,,,,,dispute
925,199,2019-09-27,2.0,2.9,"Nam congue, risus semper porta volutpat, quam pede lobortis ligula, sit amet eleifend pede libero quis orci.",Nulla mollis molestie lorem.,complete
926,682,2019-07-09,2.7,2.8,"Cum sociis natoque penatibus et magnis dis parturient montes, nascetur ridiculus mus.",Etiam faucibus cursus urna.,cancelled
927,1468,2018-03-07,,,,,ongoing
928,2412,2018-02-20,1.5,4.4,Proin interdum mauris non ligula pellentesque ultrices.,"Fusce congue, diam id ornare imperdiet, sapien urna pretium nisl, ut volutpat sapien arcu sed augue.",complete
929,2407,2018-12-21,,,,,ongoing
930,2332,2019-09-10,,,,,dispute
931,1038,2018-10-08,1.2,4.1,Nullam varius.,In hac habitasse platea dictumst.,complete
932,2159,2018-11-29,,,,,ongoing
933,2216,2018-10-11,,,,,ongoing
934,381,2018-02-23,,,,,dispute
935,2423,2020-04-01,,,,,dispute
936,1783,2020-01-29,3.0,1.8,Morbi a ipsum.,Nullam sit amet turpis elementum ligula vehicula consequat.,cancelled
937,1485,2019-12-20,3.2,3.7,"Donec odio justo, sollicitudin ut, suscipit a, feugiat et, eros.",Aliquam sit amet diam in magna bibendum imperdiet.,complete
938,673,2018-07-24,,,,,ongoing
939,2038,2018-05-02,3.9,4.7,Cras non velit nec nisi vulputate nonummy.,"Donec diam neque, vestibulum eget, vulputate ut, ultrices vel, augue.",cancelled
940,767,2020-05-18,1.1,4.9,Praesent blandit.,Praesent lectus.,cancelled
941,654,2019-08-07,4.7,4.1,Nullam porttitor lacus at turpis.,Vestibulum rutrum rutrum neque.,complete
942,1811,2020-01-02,3.8,4.8,Morbi vel lectus in quam fringilla rhoncus.,In quis justo.,cancelled
943,1545,2019-05-18,4.8,4.4,Curabitur gravida nisi at nibh.,Curabitur in libero ut massa volutpat convallis.,complete
944,2255,2019-09-09,,,,,ongoing
945,1400,2018-12-14,4.5,3.7,Donec semper sapien a libero.,Duis aliquam convallis nunc.,complete
946,2405,2019-01-17,,,,,dispute
947,2235,2018-12-03,2.2,3.7,Aenean sit amet justo.,Donec dapibus.,complete
948,796,2019-05-02,1.7,2.1,"Morbi odio odio, elementum eu, interdum eu, tincidunt in, leo.","Mauris enim leo, rhoncus sed, vestibulum sit amet, cursus id, turpis.",cancelled
949,1833,2018-03-09,1.5,4.3,In sagittis dui vel nisl.,Quisque id justo sit amet sapien dignissim vestibulum.,complete
950,1643,2018-12-11,,,,,ongoing
951,1509,2018-08-14,3.3,4.1,Nullam molestie nibh in lectus.,Nulla suscipit ligula in lacus.,cancelled
952,677,2020-02-18,,,,,ongoing
953,1433,2018-03-24,4.9,3.3,Phasellus in felis.,Phasellus sit amet erat.,cancelled
954,1696,2018-10-03,,,,,ongoing
955,1034,2018-10-11,1.3,1.0,Nunc purus.,In hac habitasse platea dictumst.,cancelled
956,2171,2018-11-11,5.0,1.2,Nulla justo.,"Nam ultrices, libero non mattis pulvinar, nulla pede ullamcorper augue, a suscipit nulla elit ac nulla.",complete
957,205,2019-09-28,,,,,ongoing
958,2396,2019-08-02,,,,,dispute
959,353,2020-02-13,,,,,ongoing
960,129,2019-06-18,1.7,2.4,Duis mattis egestas metus.,"Fusce lacus purus, aliquet at, feugiat non, pretium quis, lectus.",complete
961,2584,2020-03-30,2.5,1.6,Integer tincidunt ante vel ipsum.,Phasellus id sapien in sapien iaculis congue.,complete
962,429,2020-04-22,4.4,2.8,Suspendisse ornare consequat lectus.,Morbi vel lectus in quam fringilla rhoncus.,complete
963,1829,2019-02-16,3.1,4.7,Phasellus in felis.,Vivamus in felis eu sapien cursus vestibulum.,cancelled
964,788,2020-04-12,,,,,ongoing
965,815,2019-07-21,,,,,dispute
966,1045,2019-12-02,,,,,ongoing
967,2146,2020-02-18,,,,,dispute
968,2162,2019-04-29,,,,,dispute
969,1212,2018-05-01,,,,,ongoing
970,959,2018-06-19,,,,,dispute
971,2575,2018-02-11,,,,,dispute
972,2447,2019-11-26,,,,,dispute
973,184,2018-04-14,,,,,ongoing
974,925,2019-10-07,,,,,dispute
975,1978,2019-06-03,,,,,dispute
976,2354,2019-02-09,1.1,2.0,Integer non velit.,Proin interdum mauris non ligula pellentesque ultrices.,complete
977,2217,2019-01-29,2.6,4.2,"Vivamus metus arcu, adipiscing molestie, hendrerit at, vulputate vitae, nisl.",Aenean sit amet justo.,cancelled
978,2218,2019-08-12,,,,,ongoing
979,149,2019-02-03,,,,,ongoing
980,1643,2019-12-21,,,,,dispute
981,1905,2019-01-03,,,,,ongoing
982,2159,2018-10-19,,,,,ongoing
983,1517,2019-03-15,4.5,1.5,Duis ac nibh.,"Lorem ipsum dolor sit amet, consectetuer adipiscing elit.",complete
984,164,2019-08-30,,,,,dispute
985,1522,2018-07-25,1.5,3.1,"Duis bibendum, felis sed interdum venenatis, turpis enim blandit mi, in porttitor pede justo eu massa.",In sagittis dui vel nisl.,cancelled
986,565,2018-11-12,3.8,2.2,"Morbi vestibulum, velit id pretium iaculis, diam erat fermentum justo, nec condimentum neque sapien placerat ante.",In hac habitasse platea dictumst.,complete
987,1948,2018-05-19,,,,,ongoing
988,536,2018-01-24,,,,,ongoing
989,827,2019-04-24,4.8,4.9,Proin interdum mauris non ligula pellentesque ultrices.,Suspendisse potenti.,cancelled
990,387,2020-05-12,2.9,2.4,Vestibulum ante ipsum primis in faucibus orci luctus et ultrices posuere cubilia Curae; Mauris viverra diam vitae quam.,Phasellus in felis.,cancelled
991,2101,2018-07-19,,,,,ongoing
992,1319,2018-06-09,,,,,dispute
993,1769,2019-05-12,1.8,3.9,"Integer pede justo, lacinia eget, tincidunt eget, tempus vel, pede.","Aliquam augue quam, sollicitudin vitae, consectetuer eget, rutrum at, lorem.",complete
994,1809,2019-01-30,2.1,1.4,Aliquam non mauris.,"In est risus, auctor sed, tristique in, tempus sit amet, sem.",complete
995,1299,2018-10-01,4.5,4.6,"Nam ultrices, libero non mattis pulvinar, nulla pede ullamcorper augue, a suscipit nulla elit ac nulla.",Nulla nisl.,cancelled
996,878,2018-07-22,1.0,1.5,Cras non velit nec nisi vulputate nonummy.,Phasellus id sapien in sapien iaculis congue.,complete
997,710,2018-10-07,,,,,dispute
998,748,2018-08-02,,,,,dispute
999,144,2018-01-19,4.1,3.9,Duis mattis egestas metus.,"Quisque arcu libero, rutrum ac, lobortis vel, dapibus at, diam.",complete
1000,852,2018-03-18,1.9,4.5,Ut tellus.,Praesent blandit lacinia erat.,cancelled
