id,fname,lname,email,location,availability,expected_return_date,educational_background,highest_degree_level
1,Zak,Sexton,zsexton0@cdc.gov,Portugal,unavailable,2019-05-20,Instituto Politécnico de Leiria,master
2,Nobie,Treble,ntreble1@surveymonkey.com,Colombia,available,NULL,Colegio de Estudios Superiores de Administración (CESA),doctor
3,Kimble,Wateridge,kwateridge2@google.ca,Peru,unavailable,2018-09-11,Universidad Nacional del Altiplano,master
4,Maryjane,Sibbald,msibbald3@netscape.com,China,unavailable,2018-05-21,The University of Nottingham Ningbo China,doctor
5,Ruben,Knapp,rknapp4@prweb.com,China,unavailable,2018-08-21,Liaocheng Teachers University,doctor
6,Clara,Tolworthie,ctolworthie5@bravesites.com,United States,available,NULL,Carson-Newman College,master
7,Jesus,Oppery,joppery6@hatena.ne.jp,Czech Republic,unavailable,2019-04-23,Anglo-American University,doctor
8,Aurelia,Whinray,awhinray7@si.edu,Sweden,available,NULL,Karlstad University,doctor
9,Brendin,Lumley,blumley8@topsy.com,Indonesia,unavailable,2020-05-27,Universitas Klabat,bachelor
10,Benjamin,McOrkill,bmcorkill9@indiatimes.com,Indonesia,unavailable,2019-10-28,Universitas Indonesia,doctor
11,Jaymie,McKinie,jmckiniea@nyu.edu,Vietnam,available,NULL,University of Technical Education Ho Chi Minh City,master
12,Nevsa,Beacroft,nbeacroftb@eventbrite.com,China,unavailable,2018-04-13,Xihua University,doctor
13,Gottfried,Sheather,gsheatherc@amazon.de,Syria,available,NULL,University of Aleppo,doctor
14,Jodie,Michin,jmichind@ustream.tv,Indonesia,available,NULL,Universitas Advent Indonesia,bachelor
15,Lonna,Winslow,lwinslowe@unc.edu,Czech Republic,unavailable,2019-05-10,University of Economics Prague,doctor
16,Bunnie,Schulkins,bschulkinsf@360.cn,Thailand,unavailable,2019-12-02,Mahidol University International College,master
17,Annalise,Chestnutt,achestnuttg@ucoz.com,Sweden,unavailable,2019-12-05,Royal lnstitute of Technology,master
18,Bartholomew,Royds,broydsh@cargocollective.com,Poland,available,NULL,Polish-Japanese Institute of Information Technology in Warsaw,bachelor
19,Hashim,Heineke,hheinekei@nydailynews.com,China,available,NULL,South China Agricultural University,bachelor
20,Cherey,Brightling,cbrightlingj@sciencedirect.com,Senegal,available,NULL,Université de Ziguinchor,bachelor
21,Nana,Jerrems,njerremsk@photobucket.com,China,unavailable,2018-06-13,Anhui University of Finance and Economics,bachelor
22,Lorine,Dunphy,ldunphyl@drupal.org,Sweden,available,NULL,Jönköping University College of Health Sciences,bachelor
23,Winnah,Risen,wrisenm@joomla.org,Indonesia,unavailable,2019-02-14,Universitas Haluoleo,bachelor
24,Selina,Calender,scalendern@cbsnews.com,Belarus,available,NULL,Grodno State Medical University,bachelor
25,Orren,Bartod,obartodo@nps.gov,Indonesia,unavailable,2018-03-22,Universitas Katolik Soegijapranoto,bachelor
26,Gustaf,Danilyuk,gdanilyukp@cyberchimps.com,France,unavailable,2019-12-26,IDRAC (Institut de recherche en action commerciale),bachelor
27,Garwin,Rodolphe,grodolpheq@csmonitor.com,Indonesia,unavailable,2019-05-20,Universitas Mulawarman,master
28,Aristotle,Bream,abreamr@dailymotion.com,Poland,available,NULL,Pedagogical University of Rzeszow,master
29,Heath,Wendover,hwendovers@gnu.org,Japan,unavailable,2019-02-28,Morioka College,doctor
30,Iorgos,Ring,iringt@bbb.org,Vietnam,unavailable,2020-06-04,Vietnam National University Hanoi,doctor
