id,cover_letter,proposed_payrate,project_length,category
1,Sed ante. Vivamus tortor. Duis mattis egestas metus.,65831,102,Translation
2,In hac habitasse platea dictumst. Etiam faucibus cursus urna. Ut tellus.,804,111,Legal
3,Praesent id massa id nisl venenatis lacinia. Aenean sit amet justo. Morbi ut odio.,3091,114,Data Science and Analytics
4,"In hac habitasse platea dictumst. Morbi vestibulum, velit id pretium iaculis, diam erat fermentum justo, nec condimentum neque sapien placerat ante. Nulla justo.",6925,53,IT and Networking
5,Phasellus sit amet erat. Nulla tempus. Vivamus in felis eu sapien cursus vestibulum.,59080,83,Legal
6,Aenean lectus. Pellentesque eget nunc. Donec quis orci eget orci vehicula condimentum.,38349,45,Admin Support
7,Maecenas ut massa quis augue luctus tincidunt. Nulla mollis molestie lorem. Quisque ut erat.,24694,69,Legal
8,"Maecenas tristique, est et tempus semper, est quam pharetra magna, ac consequat metus sapien ut nunc. Vestibulum ante ipsum primis in faucibus orci luctus et ultrices posuere cubilia Curae; Mauris viverra diam vitae quam. Suspendisse potenti.",9792,76,Translation
9,Duis aliquam convallis nunc. Proin at turpis a pede posuere nonummy. Integer non velit.,42617,43,Writing
10,In congue. Etiam justo. Etiam pretium iaculis justo.,33416,48,Design and Creative
11,"Praesent blandit. Nam nulla. Integer pede justo, lacinia eget, tincidunt eget, tempus vel, pede.",90233,122,Admin Support
12,Phasellus in felis. Donec semper sapien a libero. Nam dui.,41032,171,Engineering and Architecture
13,"Vestibulum ac est lacinia nisi venenatis tristique. Fusce congue, diam id ornare imperdiet, sapien urna pretium nisl, ut volutpat sapien arcu sed augue. Aliquam erat volutpat.",47870,40,Legal
14,"Mauris enim leo, rhoncus sed, vestibulum sit amet, cursus id, turpis. Integer aliquet, massa id lobortis convallis, tortor risus dapibus augue, vel accumsan tellus nisi eu orci. Mauris lacinia sapien quis libero.",69231,9,IT and Networking
15,Duis bibendum. Morbi non quam nec dui luctus rutrum. Nulla tellus.,57750,113,Data Science and Analytics
16,Phasellus in felis. Donec semper sapien a libero. Nam dui.,32635,118,Data Science and Analytics
17,Maecenas ut massa quis augue luctus tincidunt. Nulla mollis molestie lorem. Quisque ut erat.,52464,56,Legal
18,"Praesent blandit. Nam nulla. Integer pede justo, lacinia eget, tincidunt eget, tempus vel, pede.",92703,15,Web Mobile and Software Dev
19,In hac habitasse platea dictumst. Etiam faucibus cursus urna. Ut tellus.,32333,170,Engineering and Architecture
20,Cras non velit nec nisi vulputate nonummy. Maecenas tincidunt lacus at velit. Vivamus vel nulla eget eros elementum pellentesque.,9525,99,Accounting and Consulting
21,In congue. Etiam justo. Etiam pretium iaculis justo.,11171,73,Data Science and Analytics
22,"Curabitur in libero ut massa volutpat convallis. Morbi odio odio, elementum eu, interdum eu, tincidunt in, leo. Maecenas pulvinar lobortis est.",86371,130,Translation
23,In congue. Etiam justo. Etiam pretium iaculis justo.,55508,149,Data Science and Analytics
24,"Quisque porta volutpat erat. Quisque erat eros, viverra eget, congue eget, semper rutrum, nulla. Nunc purus.",57304,99,Translation
25,"Aenean fermentum. Donec ut mauris eget massa tempor convallis. Nulla neque libero, convallis eget, eleifend luctus, ultricies eu, nibh.",52806,118,Legal
26,In hac habitasse platea dictumst. Etiam faucibus cursus urna. Ut tellus.,94833,150,Translation
27,"Cum sociis natoque penatibus et magnis dis parturient montes, nascetur ridiculus mus. Vivamus vestibulum sagittis sapien. Cum sociis natoque penatibus et magnis dis parturient montes, nascetur ridiculus mus.",87910,118,Data Science and Analytics
28,"Lorem ipsum dolor sit amet, consectetuer adipiscing elit. Proin risus. Praesent lectus.",24436,89,Data Science and Analytics
29,Fusce consequat. Nulla nisl. Nunc nisl.,2137,119,Admin Support
30,Aliquam quis turpis eget elit sodales scelerisque. Mauris sit amet eros. Suspendisse accumsan tortor quis turpis.,78444,83,Legal
31,"Curabitur at ipsum ac tellus semper interdum. Mauris ullamcorper purus sit amet nulla. Quisque arcu libero, rutrum ac, lobortis vel, dapibus at, diam.",90430,142,Sales and Marketing
32,Suspendisse potenti. In eleifend quam a odio. In hac habitasse platea dictumst.,51661,160,Accounting and Consulting
33,"Cum sociis natoque penatibus et magnis dis parturient montes, nascetur ridiculus mus. Vivamus vestibulum sagittis sapien. Cum sociis natoque penatibus et magnis dis parturient montes, nascetur ridiculus mus.",38395,136,Design and Creative
34,"Cum sociis natoque penatibus et magnis dis parturient montes, nascetur ridiculus mus. Vivamus vestibulum sagittis sapien. Cum sociis natoque penatibus et magnis dis parturient montes, nascetur ridiculus mus.",30696,101,Writing
35,"Nam ultrices, libero non mattis pulvinar, nulla pede ullamcorper augue, a suscipit nulla elit ac nulla. Sed vel enim sit amet nunc viverra dapibus. Nulla suscipit ligula in lacus.",26338,155,Data Science and Analytics
36,"In sagittis dui vel nisl. Duis ac nibh. Fusce lacus purus, aliquet at, feugiat non, pretium quis, lectus.",52427,43,Writing
37,"Proin eu mi. Nulla ac enim. In tempor, turpis nec euismod scelerisque, quam turpis adipiscing lorem, vitae mattis nibh ligula nec sem.",31056,34,Accounting and Consulting
38,Phasellus in felis. Donec semper sapien a libero. Nam dui.,47678,24,Web Mobile and Software Dev
39,"Quisque id justo sit amet sapien dignissim vestibulum. Vestibulum ante ipsum primis in faucibus orci luctus et ultrices posuere cubilia Curae; Nulla dapibus dolor vel est. Donec odio justo, sollicitudin ut, suscipit a, feugiat et, eros.",15291,121,Design and Creative
40,Phasellus sit amet erat. Nulla tempus. Vivamus in felis eu sapien cursus vestibulum.,94002,64,Translation
41,"Proin leo odio, porttitor id, consequat in, consequat ut, nulla. Sed accumsan felis. Ut at dolor quis odio consequat varius.",80842,14,Writing
42,"Proin eu mi. Nulla ac enim. In tempor, turpis nec euismod scelerisque, quam turpis adipiscing lorem, vitae mattis nibh ligula nec sem.",89124,146,Translation
43,"Curabitur gravida nisi at nibh. In hac habitasse platea dictumst. Aliquam augue quam, sollicitudin vitae, consectetuer eget, rutrum at, lorem.",36682,146,Web Mobile and Software Dev
44,Pellentesque at nulla. Suspendisse potenti. Cras in purus eu magna vulputate luctus.,39459,137,Data Science and Analytics
45,"Morbi porttitor lorem id ligula. Suspendisse ornare consequat lectus. In est risus, auctor sed, tristique in, tempus sit amet, sem.",51989,51,Customer Service
46,Fusce consequat. Nulla nisl. Nunc nisl.,37458,164,Admin Support
47,Nullam sit amet turpis elementum ligula vehicula consequat. Morbi a ipsum. Integer a nibh.,97531,31,Web Mobile and Software Dev
48,Etiam vel augue. Vestibulum rutrum rutrum neque. Aenean auctor gravida sem.,85528,152,Web Mobile and Software Dev
49,Duis aliquam convallis nunc. Proin at turpis a pede posuere nonummy. Integer non velit.,42867,28,Admin Support
50,"Aenean fermentum. Donec ut mauris eget massa tempor convallis. Nulla neque libero, convallis eget, eleifend luctus, ultricies eu, nibh.",50406,128,Data Science and Analytics
51,"Quisque id justo sit amet sapien dignissim vestibulum. Vestibulum ante ipsum primis in faucibus orci luctus et ultrices posuere cubilia Curae; Nulla dapibus dolor vel est. Donec odio justo, sollicitudin ut, suscipit a, feugiat et, eros.",73137,88,Web Mobile and Software Dev
52,Pellentesque at nulla. Suspendisse potenti. Cras in purus eu magna vulputate luctus.,82265,32,Writing
53,Etiam vel augue. Vestibulum rutrum rutrum neque. Aenean auctor gravida sem.,85360,50,Writing
54,Nulla ut erat id mauris vulputate elementum. Nullam varius. Nulla facilisi.,93667,94,Engineering and Architecture
55,Nulla ut erat id mauris vulputate elementum. Nullam varius. Nulla facilisi.,93674,88,Legal
56,"In sagittis dui vel nisl. Duis ac nibh. Fusce lacus purus, aliquet at, feugiat non, pretium quis, lectus.",50164,102,Sales and Marketing
57,"Quisque porta volutpat erat. Quisque erat eros, viverra eget, congue eget, semper rutrum, nulla. Nunc purus.",37111,117,Data Science and Analytics
58,"Vestibulum quam sapien, varius ut, blandit non, interdum in, ante. Vestibulum ante ipsum primis in faucibus orci luctus et ultrices posuere cubilia Curae; Duis faucibus accumsan odio. Curabitur convallis.",59842,160,Design and Creative
59,"Cras mi pede, malesuada in, imperdiet et, commodo vulputate, justo. In blandit ultrices enim. Lorem ipsum dolor sit amet, consectetuer adipiscing elit.",89084,122,Design and Creative
60,"Nam ultrices, libero non mattis pulvinar, nulla pede ullamcorper augue, a suscipit nulla elit ac nulla. Sed vel enim sit amet nunc viverra dapibus. Nulla suscipit ligula in lacus.",73277,65,Data Science and Analytics
61,"Vestibulum ac est lacinia nisi venenatis tristique. Fusce congue, diam id ornare imperdiet, sapien urna pretium nisl, ut volutpat sapien arcu sed augue. Aliquam erat volutpat.",28176,54,Design and Creative
62,Nullam sit amet turpis elementum ligula vehicula consequat. Morbi a ipsum. Integer a nibh.,29822,114,Accounting and Consulting
63,Nulla ut erat id mauris vulputate elementum. Nullam varius. Nulla facilisi.,57656,87,Accounting and Consulting
64,"Sed sagittis. Nam congue, risus semper porta volutpat, quam pede lobortis ligula, sit amet eleifend pede libero quis orci. Nullam molestie nibh in lectus.",18247,135,Design and Creative
65,In hac habitasse platea dictumst. Etiam faucibus cursus urna. Ut tellus.,70599,29,Translation
66,Pellentesque at nulla. Suspendisse potenti. Cras in purus eu magna vulputate luctus.,21133,171,Sales and Marketing
67,"In hac habitasse platea dictumst. Morbi vestibulum, velit id pretium iaculis, diam erat fermentum justo, nec condimentum neque sapien placerat ante. Nulla justo.",59726,14,Data Science and Analytics
68,Phasellus in felis. Donec semper sapien a libero. Nam dui.,54961,169,Web Mobile and Software Dev
69,"Morbi porttitor lorem id ligula. Suspendisse ornare consequat lectus. In est risus, auctor sed, tristique in, tempus sit amet, sem.",51901,26,Customer Service
70,"Sed sagittis. Nam congue, risus semper porta volutpat, quam pede lobortis ligula, sit amet eleifend pede libero quis orci. Nullam molestie nibh in lectus.",85242,152,Admin Support
71,Sed ante. Vivamus tortor. Duis mattis egestas metus.,16739,64,Design and Creative
72,"Morbi porttitor lorem id ligula. Suspendisse ornare consequat lectus. In est risus, auctor sed, tristique in, tempus sit amet, sem.",90653,126,Web Mobile and Software Dev
73,"Aenean fermentum. Donec ut mauris eget massa tempor convallis. Nulla neque libero, convallis eget, eleifend luctus, ultricies eu, nibh.",52340,19,Admin Support
74,Duis bibendum. Morbi non quam nec dui luctus rutrum. Nulla tellus.,36725,4,Admin Support
75,Cras non velit nec nisi vulputate nonummy. Maecenas tincidunt lacus at velit. Vivamus vel nulla eget eros elementum pellentesque.,3547,42,Legal
76,Nullam sit amet turpis elementum ligula vehicula consequat. Morbi a ipsum. Integer a nibh.,66240,62,Translation
77,"Quisque porta volutpat erat. Quisque erat eros, viverra eget, congue eget, semper rutrum, nulla. Nunc purus.",33181,136,Web Mobile and Software Dev
78,Duis consequat dui nec nisi volutpat eleifend. Donec ut dolor. Morbi vel lectus in quam fringilla rhoncus.,54919,69,Admin Support
79,"Cum sociis natoque penatibus et magnis dis parturient montes, nascetur ridiculus mus. Vivamus vestibulum sagittis sapien. Cum sociis natoque penatibus et magnis dis parturient montes, nascetur ridiculus mus.",98323,137,Data Science and Analytics
80,Pellentesque at nulla. Suspendisse potenti. Cras in purus eu magna vulputate luctus.,45323,22,Design and Creative
81,"Cras mi pede, malesuada in, imperdiet et, commodo vulputate, justo. In blandit ultrices enim. Lorem ipsum dolor sit amet, consectetuer adipiscing elit.",38038,176,Data Science and Analytics
82,"Cras mi pede, malesuada in, imperdiet et, commodo vulputate, justo. In blandit ultrices enim. Lorem ipsum dolor sit amet, consectetuer adipiscing elit.",20712,19,Design and Creative
83,Duis bibendum. Morbi non quam nec dui luctus rutrum. Nulla tellus.,35937,56,Sales and Marketing
84,Cras non velit nec nisi vulputate nonummy. Maecenas tincidunt lacus at velit. Vivamus vel nulla eget eros elementum pellentesque.,90801,141,Engineering and Architecture
85,"Curabitur at ipsum ac tellus semper interdum. Mauris ullamcorper purus sit amet nulla. Quisque arcu libero, rutrum ac, lobortis vel, dapibus at, diam.",51373,47,Data Science and Analytics
86,Aliquam quis turpis eget elit sodales scelerisque. Mauris sit amet eros. Suspendisse accumsan tortor quis turpis.,78980,99,Writing
87,"Fusce posuere felis sed lacus. Morbi sem mauris, laoreet ut, rhoncus aliquet, pulvinar sed, nisl. Nunc rhoncus dui vel sem.",36086,104,Sales and Marketing
88,Nullam porttitor lacus at turpis. Donec posuere metus vitae ipsum. Aliquam non mauris.,16777,169,Sales and Marketing
89,Phasellus in felis. Donec semper sapien a libero. Nam dui.,14028,119,Engineering and Architecture
90,Praesent id massa id nisl venenatis lacinia. Aenean sit amet justo. Morbi ut odio.,66413,6,Admin Support
91,Duis consequat dui nec nisi volutpat eleifend. Donec ut dolor. Morbi vel lectus in quam fringilla rhoncus.,47983,54,Data Science and Analytics
92,Sed ante. Vivamus tortor. Duis mattis egestas metus.,36363,173,Accounting and Consulting
93,Etiam vel augue. Vestibulum rutrum rutrum neque. Aenean auctor gravida sem.,42099,54,Accounting and Consulting
94,Fusce consequat. Nulla nisl. Nunc nisl.,63174,147,Accounting and Consulting
95,"Vestibulum ac est lacinia nisi venenatis tristique. Fusce congue, diam id ornare imperdiet, sapien urna pretium nisl, ut volutpat sapien arcu sed augue. Aliquam erat volutpat.",86985,113,Accounting and Consulting
96,"Morbi non lectus. Aliquam sit amet diam in magna bibendum imperdiet. Nullam orci pede, venenatis non, sodales sed, tincidunt eu, felis.",42070,116,Data Science and Analytics
97,Aliquam quis turpis eget elit sodales scelerisque. Mauris sit amet eros. Suspendisse accumsan tortor quis turpis.,6460,87,Accounting and Consulting
98,"Curabitur at ipsum ac tellus semper interdum. Mauris ullamcorper purus sit amet nulla. Quisque arcu libero, rutrum ac, lobortis vel, dapibus at, diam.",93004,141,Translation
99,"Duis bibendum, felis sed interdum venenatis, turpis enim blandit mi, in porttitor pede justo eu massa. Donec dapibus. Duis at velit eu est congue elementum.",2739,168,Engineering and Architecture
100,"Donec diam neque, vestibulum eget, vulputate ut, ultrices vel, augue. Vestibulum ante ipsum primis in faucibus orci luctus et ultrices posuere cubilia Curae; Donec pharetra, magna vestibulum aliquet ultrices, erat tortor sollicitudin mi, sit amet lobortis sapien sapien non mi. Integer ac neque.",6158,155,Data Science and Analytics
101,Aliquam quis turpis eget elit sodales scelerisque. Mauris sit amet eros. Suspendisse accumsan tortor quis turpis.,15949,1,Data Science and Analytics
102,Maecenas ut massa quis augue luctus tincidunt. Nulla mollis molestie lorem. Quisque ut erat.,73321,16,Legal
103,"Cras mi pede, malesuada in, imperdiet et, commodo vulputate, justo. In blandit ultrices enim. Lorem ipsum dolor sit amet, consectetuer adipiscing elit.",21411,162,IT and Networking
104,Cras non velit nec nisi vulputate nonummy. Maecenas tincidunt lacus at velit. Vivamus vel nulla eget eros elementum pellentesque.,27194,127,Admin Support
105,"Quisque porta volutpat erat. Quisque erat eros, viverra eget, congue eget, semper rutrum, nulla. Nunc purus.",17854,135,Customer Service
106,Praesent id massa id nisl venenatis lacinia. Aenean sit amet justo. Morbi ut odio.,511,136,Data Science and Analytics
107,"Proin leo odio, porttitor id, consequat in, consequat ut, nulla. Sed accumsan felis. Ut at dolor quis odio consequat varius.",80127,89,Web Mobile and Software Dev
108,In congue. Etiam justo. Etiam pretium iaculis justo.,15580,119,Writing
109,Sed ante. Vivamus tortor. Duis mattis egestas metus.,81541,164,Writing
110,"Nam ultrices, libero non mattis pulvinar, nulla pede ullamcorper augue, a suscipit nulla elit ac nulla. Sed vel enim sit amet nunc viverra dapibus. Nulla suscipit ligula in lacus.",53503,131,Web Mobile and Software Dev
111,Aliquam quis turpis eget elit sodales scelerisque. Mauris sit amet eros. Suspendisse accumsan tortor quis turpis.,99068,66,Writing
112,Sed ante. Vivamus tortor. Duis mattis egestas metus.,74044,44,Engineering and Architecture
113,"Vestibulum quam sapien, varius ut, blandit non, interdum in, ante. Vestibulum ante ipsum primis in faucibus orci luctus et ultrices posuere cubilia Curae; Duis faucibus accumsan odio. Curabitur convallis.",26325,179,Web Mobile and Software Dev
114,Pellentesque at nulla. Suspendisse potenti. Cras in purus eu magna vulputate luctus.,51844,112,Web Mobile and Software Dev
115,Nullam porttitor lacus at turpis. Donec posuere metus vitae ipsum. Aliquam non mauris.,18995,66,Engineering and Architecture
116,"Nam ultrices, libero non mattis pulvinar, nulla pede ullamcorper augue, a suscipit nulla elit ac nulla. Sed vel enim sit amet nunc viverra dapibus. Nulla suscipit ligula in lacus.",61314,76,Customer Service
117,In quis justo. Maecenas rhoncus aliquam lacus. Morbi quis tortor id nulla ultrices aliquet.,6965,155,Accounting and Consulting
118,Nullam sit amet turpis elementum ligula vehicula consequat. Morbi a ipsum. Integer a nibh.,6211,63,Design and Creative
119,Maecenas ut massa quis augue luctus tincidunt. Nulla mollis molestie lorem. Quisque ut erat.,35222,2,Engineering and Architecture
120,Duis bibendum. Morbi non quam nec dui luctus rutrum. Nulla tellus.,61193,147,Admin Support
121,Praesent id massa id nisl venenatis lacinia. Aenean sit amet justo. Morbi ut odio.,98995,20,Design and Creative
122,Maecenas ut massa quis augue luctus tincidunt. Nulla mollis molestie lorem. Quisque ut erat.,52915,121,Engineering and Architecture
123,"Proin interdum mauris non ligula pellentesque ultrices. Phasellus id sapien in sapien iaculis congue. Vivamus metus arcu, adipiscing molestie, hendrerit at, vulputate vitae, nisl.",93545,156,IT and Networking
124,"Proin interdum mauris non ligula pellentesque ultrices. Phasellus id sapien in sapien iaculis congue. Vivamus metus arcu, adipiscing molestie, hendrerit at, vulputate vitae, nisl.",67362,107,Legal
125,"Vestibulum quam sapien, varius ut, blandit non, interdum in, ante. Vestibulum ante ipsum primis in faucibus orci luctus et ultrices posuere cubilia Curae; Duis faucibus accumsan odio. Curabitur convallis.",81920,46,Web Mobile and Software Dev
126,"Curabitur gravida nisi at nibh. In hac habitasse platea dictumst. Aliquam augue quam, sollicitudin vitae, consectetuer eget, rutrum at, lorem.",25954,83,Data Science and Analytics
127,Sed ante. Vivamus tortor. Duis mattis egestas metus.,11794,120,IT and Networking
128,"Proin interdum mauris non ligula pellentesque ultrices. Phasellus id sapien in sapien iaculis congue. Vivamus metus arcu, adipiscing molestie, hendrerit at, vulputate vitae, nisl.",14768,121,Legal
129,"Morbi porttitor lorem id ligula. Suspendisse ornare consequat lectus. In est risus, auctor sed, tristique in, tempus sit amet, sem.",49282,65,Admin Support
130,Cras non velit nec nisi vulputate nonummy. Maecenas tincidunt lacus at velit. Vivamus vel nulla eget eros elementum pellentesque.,59522,38,Sales and Marketing
131,Aliquam quis turpis eget elit sodales scelerisque. Mauris sit amet eros. Suspendisse accumsan tortor quis turpis.,17431,51,Web Mobile and Software Dev
132,Maecenas ut massa quis augue luctus tincidunt. Nulla mollis molestie lorem. Quisque ut erat.,64053,103,IT and Networking
133,Fusce consequat. Nulla nisl. Nunc nisl.,10574,29,Design and Creative
134,Suspendisse potenti. In eleifend quam a odio. In hac habitasse platea dictumst.,10693,180,Legal
135,Suspendisse potenti. In eleifend quam a odio. In hac habitasse platea dictumst.,47088,69,IT and Networking
136,Aenean lectus. Pellentesque eget nunc. Donec quis orci eget orci vehicula condimentum.,97196,63,Web Mobile and Software Dev
137,"Proin leo odio, porttitor id, consequat in, consequat ut, nulla. Sed accumsan felis. Ut at dolor quis odio consequat varius.",62566,6,Engineering and Architecture
138,"Maecenas leo odio, condimentum id, luctus nec, molestie sed, justo. Pellentesque viverra pede ac diam. Cras pellentesque volutpat dui.",27104,98,Translation
139,"Vestibulum ac est lacinia nisi venenatis tristique. Fusce congue, diam id ornare imperdiet, sapien urna pretium nisl, ut volutpat sapien arcu sed augue. Aliquam erat volutpat.",87715,135,Legal
140,"Quisque id justo sit amet sapien dignissim vestibulum. Vestibulum ante ipsum primis in faucibus orci luctus et ultrices posuere cubilia Curae; Nulla dapibus dolor vel est. Donec odio justo, sollicitudin ut, suscipit a, feugiat et, eros.",84705,124,Design and Creative
141,"Aenean fermentum. Donec ut mauris eget massa tempor convallis. Nulla neque libero, convallis eget, eleifend luctus, ultricies eu, nibh.",440,26,Accounting and Consulting
142,Duis aliquam convallis nunc. Proin at turpis a pede posuere nonummy. Integer non velit.,87294,69,Writing
143,"Quisque porta volutpat erat. Quisque erat eros, viverra eget, congue eget, semper rutrum, nulla. Nunc purus.",74275,4,Accounting and Consulting
144,Phasellus sit amet erat. Nulla tempus. Vivamus in felis eu sapien cursus vestibulum.,74496,176,Engineering and Architecture
145,"Mauris enim leo, rhoncus sed, vestibulum sit amet, cursus id, turpis. Integer aliquet, massa id lobortis convallis, tortor risus dapibus augue, vel accumsan tellus nisi eu orci. Mauris lacinia sapien quis libero.",56131,165,Translation
146,"Proin eu mi. Nulla ac enim. In tempor, turpis nec euismod scelerisque, quam turpis adipiscing lorem, vitae mattis nibh ligula nec sem.",14295,99,Writing
147,"Curabitur gravida nisi at nibh. In hac habitasse platea dictumst. Aliquam augue quam, sollicitudin vitae, consectetuer eget, rutrum at, lorem.",16974,33,Accounting and Consulting
148,"Mauris enim leo, rhoncus sed, vestibulum sit amet, cursus id, turpis. Integer aliquet, massa id lobortis convallis, tortor risus dapibus augue, vel accumsan tellus nisi eu orci. Mauris lacinia sapien quis libero.",88235,100,IT and Networking
149,"Nam ultrices, libero non mattis pulvinar, nulla pede ullamcorper augue, a suscipit nulla elit ac nulla. Sed vel enim sit amet nunc viverra dapibus. Nulla suscipit ligula in lacus.",40432,15,Admin Support
150,Integer tincidunt ante vel ipsum. Praesent blandit lacinia erat. Vestibulum sed magna at nunc commodo placerat.,7437,176,Translation
151,Pellentesque at nulla. Suspendisse potenti. Cras in purus eu magna vulputate luctus.,63601,11,Legal
152,"Nam ultrices, libero non mattis pulvinar, nulla pede ullamcorper augue, a suscipit nulla elit ac nulla. Sed vel enim sit amet nunc viverra dapibus. Nulla suscipit ligula in lacus.",13836,84,Writing
153,"Mauris enim leo, rhoncus sed, vestibulum sit amet, cursus id, turpis. Integer aliquet, massa id lobortis convallis, tortor risus dapibus augue, vel accumsan tellus nisi eu orci. Mauris lacinia sapien quis libero.",53599,79,Writing
154,"Quisque id justo sit amet sapien dignissim vestibulum. Vestibulum ante ipsum primis in faucibus orci luctus et ultrices posuere cubilia Curae; Nulla dapibus dolor vel est. Donec odio justo, sollicitudin ut, suscipit a, feugiat et, eros.",47564,35,Admin Support
155,In congue. Etiam justo. Etiam pretium iaculis justo.,29480,71,Design and Creative
156,Phasellus in felis. Donec semper sapien a libero. Nam dui.,65496,37,Accounting and Consulting
157,"In sagittis dui vel nisl. Duis ac nibh. Fusce lacus purus, aliquet at, feugiat non, pretium quis, lectus.",78406,160,Legal
158,"Donec diam neque, vestibulum eget, vulputate ut, ultrices vel, augue. Vestibulum ante ipsum primis in faucibus orci luctus et ultrices posuere cubilia Curae; Donec pharetra, magna vestibulum aliquet ultrices, erat tortor sollicitudin mi, sit amet lobortis sapien sapien non mi. Integer ac neque.",24881,16,Design and Creative
159,"Praesent blandit. Nam nulla. Integer pede justo, lacinia eget, tincidunt eget, tempus vel, pede.",64054,173,Web Mobile and Software Dev
160,Aliquam quis turpis eget elit sodales scelerisque. Mauris sit amet eros. Suspendisse accumsan tortor quis turpis.,8510,74,Engineering and Architecture
161,Phasellus in felis. Donec semper sapien a libero. Nam dui.,47281,17,Writing
162,"Mauris enim leo, rhoncus sed, vestibulum sit amet, cursus id, turpis. Integer aliquet, massa id lobortis convallis, tortor risus dapibus augue, vel accumsan tellus nisi eu orci. Mauris lacinia sapien quis libero.",12211,79,Web Mobile and Software Dev
163,In congue. Etiam justo. Etiam pretium iaculis justo.,93824,45,Web Mobile and Software Dev
164,"Proin leo odio, porttitor id, consequat in, consequat ut, nulla. Sed accumsan felis. Ut at dolor quis odio consequat varius.",60056,32,Web Mobile and Software Dev
165,Nullam porttitor lacus at turpis. Donec posuere metus vitae ipsum. Aliquam non mauris.,47275,50,Data Science and Analytics
166,"Praesent blandit. Nam nulla. Integer pede justo, lacinia eget, tincidunt eget, tempus vel, pede.",27594,177,Translation
167,Aenean lectus. Pellentesque eget nunc. Donec quis orci eget orci vehicula condimentum.,67691,36,Design and Creative
168,"Duis bibendum, felis sed interdum venenatis, turpis enim blandit mi, in porttitor pede justo eu massa. Donec dapibus. Duis at velit eu est congue elementum.",73391,109,Sales and Marketing
169,"Fusce posuere felis sed lacus. Morbi sem mauris, laoreet ut, rhoncus aliquet, pulvinar sed, nisl. Nunc rhoncus dui vel sem.",90126,77,Engineering and Architecture
170,Cras non velit nec nisi vulputate nonummy. Maecenas tincidunt lacus at velit. Vivamus vel nulla eget eros elementum pellentesque.,96235,147,Engineering and Architecture
171,"Donec diam neque, vestibulum eget, vulputate ut, ultrices vel, augue. Vestibulum ante ipsum primis in faucibus orci luctus et ultrices posuere cubilia Curae; Donec pharetra, magna vestibulum aliquet ultrices, erat tortor sollicitudin mi, sit amet lobortis sapien sapien non mi. Integer ac neque.",96031,122,Engineering and Architecture
172,"Cum sociis natoque penatibus et magnis dis parturient montes, nascetur ridiculus mus. Vivamus vestibulum sagittis sapien. Cum sociis natoque penatibus et magnis dis parturient montes, nascetur ridiculus mus.",57197,151,Translation
173,Integer ac leo. Pellentesque ultrices mattis odio. Donec vitae nisi.,38129,46,Admin Support
174,"Morbi non lectus. Aliquam sit amet diam in magna bibendum imperdiet. Nullam orci pede, venenatis non, sodales sed, tincidunt eu, felis.",80075,76,Accounting and Consulting
175,Fusce consequat. Nulla nisl. Nunc nisl.,30045,171,Translation
176,Duis aliquam convallis nunc. Proin at turpis a pede posuere nonummy. Integer non velit.,67699,54,Data Science and Analytics
177,Aenean lectus. Pellentesque eget nunc. Donec quis orci eget orci vehicula condimentum.,6628,96,Writing
178,Integer ac leo. Pellentesque ultrices mattis odio. Donec vitae nisi.,22683,149,Data Science and Analytics
179,Cras non velit nec nisi vulputate nonummy. Maecenas tincidunt lacus at velit. Vivamus vel nulla eget eros elementum pellentesque.,41247,24,Admin Support
180,"Cras mi pede, malesuada in, imperdiet et, commodo vulputate, justo. In blandit ultrices enim. Lorem ipsum dolor sit amet, consectetuer adipiscing elit.",22643,155,Translation
181,Duis consequat dui nec nisi volutpat eleifend. Donec ut dolor. Morbi vel lectus in quam fringilla rhoncus.,88992,116,Legal
182,"Proin interdum mauris non ligula pellentesque ultrices. Phasellus id sapien in sapien iaculis congue. Vivamus metus arcu, adipiscing molestie, hendrerit at, vulputate vitae, nisl.",50572,3,Legal
183,"Fusce posuere felis sed lacus. Morbi sem mauris, laoreet ut, rhoncus aliquet, pulvinar sed, nisl. Nunc rhoncus dui vel sem.",53488,93,IT and Networking
184,Pellentesque at nulla. Suspendisse potenti. Cras in purus eu magna vulputate luctus.,6342,58,Sales and Marketing
185,In congue. Etiam justo. Etiam pretium iaculis justo.,56304,110,Design and Creative
186,"In hac habitasse platea dictumst. Morbi vestibulum, velit id pretium iaculis, diam erat fermentum justo, nec condimentum neque sapien placerat ante. Nulla justo.",96811,180,Sales and Marketing
187,Praesent id massa id nisl venenatis lacinia. Aenean sit amet justo. Morbi ut odio.,14406,115,Data Science and Analytics
188,In quis justo. Maecenas rhoncus aliquam lacus. Morbi quis tortor id nulla ultrices aliquet.,54437,151,Translation
189,In congue. Etiam justo. Etiam pretium iaculis justo.,86273,51,Web Mobile and Software Dev
190,Suspendisse potenti. In eleifend quam a odio. In hac habitasse platea dictumst.,52532,51,Writing
191,"Cum sociis natoque penatibus et magnis dis parturient montes, nascetur ridiculus mus. Vivamus vestibulum sagittis sapien. Cum sociis natoque penatibus et magnis dis parturient montes, nascetur ridiculus mus.",88763,83,Accounting and Consulting
192,Duis aliquam convallis nunc. Proin at turpis a pede posuere nonummy. Integer non velit.,56032,167,Legal
193,Fusce consequat. Nulla nisl. Nunc nisl.,19957,142,Admin Support
194,Fusce consequat. Nulla nisl. Nunc nisl.,84273,173,IT and Networking
195,Nullam porttitor lacus at turpis. Donec posuere metus vitae ipsum. Aliquam non mauris.,9099,71,Engineering and Architecture
196,"Vestibulum quam sapien, varius ut, blandit non, interdum in, ante. Vestibulum ante ipsum primis in faucibus orci luctus et ultrices posuere cubilia Curae; Duis faucibus accumsan odio. Curabitur convallis.",54179,19,IT and Networking
197,"Quisque porta volutpat erat. Quisque erat eros, viverra eget, congue eget, semper rutrum, nulla. Nunc purus.",27827,127,Design and Creative
198,"Morbi non lectus. Aliquam sit amet diam in magna bibendum imperdiet. Nullam orci pede, venenatis non, sodales sed, tincidunt eu, felis.",11649,164,IT and Networking
199,Suspendisse potenti. In eleifend quam a odio. In hac habitasse platea dictumst.,14246,150,Sales and Marketing
200,Suspendisse potenti. In eleifend quam a odio. In hac habitasse platea dictumst.,11697,123,Data Science and Analytics
